run,checkpoint,threshold,kind,image,index,score,x1,y1,x2,y2,best_iou_gt,best_iou_pred,best_pred_score,found_at_any_conf,other_run_agrees,size_px,suggested_category,basis,reviewed_category,notes,example_image
submission_640,best.pt,0.4847066402435303,missed_bag,111,0,,362.0,253.0,482.0,364.0,,0.0,0.09150553494691849,True,,115.41230437002807,model error,detected only below the operating threshold,,,
submission_640,best.pt,0.4847066402435303,missed_bag,117,0,,543.0,153.0,640.0,257.0,,0.0,0.2755501866340637,True,,100.43903623591775,model error,detected only below the operating threshold,,,
submission_640,best.pt,0.4847066402435303,missed_bag,117,1,,198.0,245.0,299.0,358.0,,0.0,0.005428486503660679,True,,106.83164325236227,model error,detected only below the operating threshold,,,
submission_640,best.pt,0.4847066402435303,missed_bag,117,2,,453.0,191.0,535.0,245.0,,0.0,0.033106423914432526,True,,66.5432190384565,model error,detected only below the operating threshold,,,
submission_640,best.pt,0.4847066402435303,missed_bag,151,0,,180.0,225.0,372.0,381.0,,0.0,0.3791010081768036,True,,173.0664612222715,model error,detected only below the operating threshold,,,
submission_640,best.pt,0.4847066402435303,missed_bag,151,1,,213.0,361.0,319.0,474.0,,0.0,0.014480986632406712,True,,109.4440496326776,model error,detected only below the operating threshold,,,
submission_640,best.pt,0.4847066402435303,missed_bag,152,0,,331.0,171.0,400.0,281.0,,0.0,0.17411428689956665,True,,87.12060605849801,model error,detected only below the operating threshold,,,
submission_640,best.pt,0.4847066402435303,missed_bag,152,1,,416.0,187.0,472.0,243.0,,0.0,0.16420704126358032,True,,56.0,model error,detected only below the operating threshold,,,
submission_640,best.pt,0.4847066402435303,missed_bag,152,2,,401.0,173.0,429.0,269.0,,0.0,0.015129131264984608,True,,51.84592558726288,model error,detected only below the operating threshold,,,
submission_640,best.pt,0.4847066402435303,missed_bag,156,0,,283.0,277.0,455.0,391.0,,0.0,0.19597738981246948,True,,140.02856851371436,model error,detected only below the operating threshold,,,
submission_640,best.pt,0.4847066402435303,missed_bag,164,0,,339.0,327.0,551.0,430.0,,0.0,0.2482776939868927,True,,147.770091696527,model error,detected only below the operating threshold,,,
submission_640,best.pt,0.4847066402435303,missed_bag,164,1,,488.0,213.0,640.0,399.0,,0.0,0.11128858476877213,True,,168.14279645586961,model error,detected only below the operating threshold,,,
submission_640,best.pt,0.4847066402435303,missed_bag,18,0,,478.0,81.0,631.0,178.0,,0.0,0.010634703561663628,True,,121.82364302548172,model error,detected only below the operating threshold,,,
submission_640,best.pt,0.4847066402435303,missed_bag,18,1,,257.0,75.0,387.0,162.0,,0.0,0.02462374046444893,True,,106.34848376916335,model error,detected only below the operating threshold,,,
submission_640,best.pt,0.4847066402435303,missed_bag,195,0,,359.0,197.0,448.0,276.0,,0.0,0.2261287271976471,True,,83.85105843100611,model error,detected only below the operating threshold,,,
submission_640,best.pt,0.4847066402435303,missed_bag,199,0,,321.0,170.0,398.0,250.0,,0.0,0.2866714298725128,True,,78.48566748139433,model error,detected only below the operating threshold,,,
submission_640,best.pt,0.4847066402435303,missed_bag,199,1,,404.0,142.0,467.0,210.0,,0.0,0.38634592294692993,True,,65.45227268781429,model error,detected only below the operating threshold,,,
submission_640,best.pt,0.4847066402435303,missed_bag,199,2,,307.0,220.0,358.0,276.0,,0.0,0.13247574865818024,True,,53.44155686354955,model error,detected only below the operating threshold,,,
submission_640,best.pt,0.4847066402435303,missed_bag,22,0,,87.0,333.0,250.0,457.0,,0.0,0.10975649952888489,True,,142.16891362038328,model error,detected only below the operating threshold,,,
submission_640,best.pt,0.4847066402435303,missed_bag,225,0,,324.0,238.0,452.0,356.0,,0.0,0.28937849402427673,True,,122.89833196589773,model error,detected only below the operating threshold,,,
submission_640,best.pt,0.4847066402435303,missed_bag,225,1,,244.0,135.0,319.0,192.0,,0.0,0.3060060143470764,True,,65.3834841531101,model error,detected only below the operating threshold,,,
submission_640,best.pt,0.4847066402435303,missed_bag,249,0,,162.0,269.0,228.0,342.0,,0.0,0.0459132194519043,True,,69.4118145563131,model error,detected only below the operating threshold,,,
submission_640,best.pt,0.4847066402435303,missed_bag,293,0,,233.0,235.0,301.0,304.0,,0.0,0.33280056715011597,True,,68.49817515817483,model error,detected only below the operating threshold,,,
submission_640,best.pt,0.4847066402435303,missed_bag,298,0,,318.0,287.0,376.0,357.0,,0.0,0.22597697377204895,True,,63.71812928829596,model error,detected only below the operating threshold,,,
submission_640,best.pt,0.4847066402435303,missed_bag,319,0,,161.0,97.0,370.0,237.0,,0.0,0.2512875497341156,True,,171.0555465338672,model error,detected only below the operating threshold,,,
submission_640,best.pt,0.4847066402435303,missed_bag,320,0,,138.0,91.0,272.0,277.0,,0.0,0.01907002180814743,True,,157.87336697492708,model error,detected only below the operating threshold,,,
submission_640,best.pt,0.4847066402435303,missed_bag,320,1,,296.0,43.0,370.0,150.0,,0.0,0.007333184592425823,True,,88.9831444712986,model error,detected only below the operating threshold,,,
submission_640,best.pt,0.4847066402435303,missed_bag,320,2,,328.0,129.0,385.0,208.0,,0.0,0.0017008777940645814,True,,67.10439627923047,model error,detected only below the operating threshold,,,
submission_640,best.pt,0.4847066402435303,missed_bag,33,0,,370.0,150.0,484.0,290.0,,0.0,0.2958054840564728,True,,126.33289357883005,model error,detected only below the operating threshold,,,
submission_640,best.pt,0.4847066402435303,missed_bag,33,1,,323.0,251.0,385.0,315.0,,0.0,0.0029064170084893703,True,,62.99206299209449,model error,detected only below the operating threshold,,,
submission_640,best.pt,0.4847066402435303,missed_bag,336,0,,318.0,257.0,405.0,358.0,,0.0,0.24515162408351898,True,,93.73899935459093,model error,detected only below the operating threshold,,,
submission_640,best.pt,0.4847066402435303,missed_bag,336,1,,318.0,192.0,358.0,238.0,,0.0,0.01011584885418415,True,,42.89522117905443,model error,detected only below the operating threshold,,,
submission_640,best.pt,0.4847066402435303,missed_bag,342,0,,432.0,253.0,504.0,350.0,,0.0,0.3607928156852722,True,,83.57032966310472,model error,detected only below the operating threshold,,,
submission_640,best.pt,0.4847066402435303,missed_bag,342,1,,260.0,266.0,329.0,322.0,,0.0,0.34912109375,True,,62.161081071680215,model error,detected only below the operating threshold,,,
submission_640,best.pt,0.4847066402435303,missed_bag,342,2,,333.0,246.0,381.0,302.0,,0.0,0.0038959961384534836,True,,51.84592558726288,model error,detected only below the operating threshold,,,
submission_640,best.pt,0.4847066402435303,missed_bag,342,3,,397.0,256.0,454.0,337.0,,0.0,0.01752939634025097,True,,67.94850991743675,model error,detected only below the operating threshold,,,
submission_640,best.pt,0.4847066402435303,missed_bag,342,4,,389.0,159.0,421.0,193.0,,0.0,0.009077486582100391,True,,32.984845004941285,model error,detected only below the operating threshold,,,
submission_640,best.pt,0.4847066402435303,missed_bag,342,5,,424.0,148.0,465.0,197.0,,0.0,0.03467993810772896,True,,44.82186966202994,model error,detected only below the operating threshold,,,
submission_640,best.pt,0.4847066402435303,missed_bag,410,0,,306.0,264.0,388.0,405.0,,0.0,0.049519769847393036,True,,107.52674086012279,model error,detected only below the operating threshold,,,
submission_640,best.pt,0.4847066402435303,missed_bag,410,1,,397.0,191.0,640.0,479.0,,0.0,0.011579356156289577,True,,264.5448922205832,model error,detected only below the operating threshold,,,
submission_640,best.pt,0.4847066402435303,missed_bag,460,0,,284.0,122.0,418.0,247.0,,0.0,0.1279211938381195,True,,129.42179105544784,model error,detected only below the operating threshold,,,
submission_640,best.pt,0.4847066402435303,missed_bag,486,0,,249.0,260.0,357.0,334.0,,0.0,0.15633417665958405,True,,89.39798655450804,model error,detected only below the operating threshold,,,
submission_640,best.pt,0.4847066402435303,missed_bag,513,0,,269.0,262.0,304.0,321.0,,0.0,,False,,45.44227107000705,model error,"never detected at IoU >= 0.5, even at conf 0.001",,,
submission_640,best.pt,0.4847066402435303,missed_bag,513,1,,311.0,277.0,433.0,376.0,,0.0,0.12335281074047089,True,,109.89995450408522,model error,detected only below the operating threshold,,,
submission_640,best.pt,0.4847066402435303,missed_bag,516,0,,272.0,325.0,399.0,457.0,,0.0,0.03353475406765938,True,,129.4758664771161,model error,detected only below the operating threshold,,,
submission_640,best.pt,0.4847066402435303,missed_bag,516,1,,523.0,129.0,609.0,176.0,,0.0,0.002865477232262492,True,,63.57672530100933,model error,detected only below the operating threshold,,,
submission_640,best.pt,0.4847066402435303,missed_bag,516,2,,162.0,296.0,248.0,395.0,,0.0,0.11079371720552444,True,,92.27133899537819,model error,detected only below the operating threshold,,,
submission_640,best.pt,0.4847066402435303,missed_bag,53,0,,234.0,122.0,352.0,228.0,,0.0,0.03564068302512169,True,,111.83917024012652,model error,detected only below the operating threshold,,,
submission_640,best.pt,0.4847066402435303,missed_bag,545,0,,356.0,298.0,417.0,359.0,,0.0,0.0975571721792221,True,,61.0,model error,detected only below the operating threshold,,,
submission_640,best.pt,0.4847066402435303,missed_bag,555,0,,263.0,314.0,329.0,393.0,,0.0,0.14599689841270447,True,,72.20803279414278,model error,detected only below the operating threshold,,,
submission_640,best.pt,0.4847066402435303,missed_bag,555,1,,191.0,304.0,245.0,365.0,,0.0,0.009965001605451107,True,,57.39337940912697,model error,detected only below the operating threshold,,,
submission_640,best.pt,0.4847066402435303,missed_bag,578,0,,118.0,221.0,291.0,339.0,,0.0,0.12788715958595276,True,,142.8775699681374,model error,detected only below the operating threshold,,,
submission_640,best.pt,0.4847066402435303,missed_bag,578,1,,285.0,228.0,344.0,272.0,,0.0,0.011699916794896126,True,,50.950956811427986,model error,detected only below the operating threshold,,,
submission_640,best.pt,0.4847066402435303,missed_bag,578,2,,391.0,361.0,515.0,477.0,,0.0,0.013162665069103241,True,,119.9333148045196,model error,detected only below the operating threshold,,,
submission_640,best.pt,0.4847066402435303,missed_bag,578,3,,239.0,350.0,346.0,475.0,,0.0,0.008790718391537666,True,,115.65033506220378,model error,detected only below the operating threshold,,,
submission_640,best.pt,0.4847066402435303,missed_bag,596,0,,367.0,271.0,422.0,325.0,,0.0,0.05018825829029083,True,,54.49770637375485,model error,detected only below the operating threshold,,,
submission_640,best.pt,0.4847066402435303,missed_bag,596,1,,511.0,313.0,570.0,427.0,,0.0,0.011787941679358482,True,,82.0121942152507,model error,detected only below the operating threshold,,,
submission_640,best.pt,0.4847066402435303,missed_bag,598,0,,212.0,279.0,393.0,421.0,,0.0,0.2647402286529541,True,,160.3184331260757,model error,detected only below the operating threshold,,,
submission_640,best.pt,0.4847066402435303,missed_bag,67,0,,105.0,248.0,227.0,356.0,,0.0,0.07538527250289917,True,,114.78675881825394,model error,detected only below the operating threshold,,,
submission_640,best.pt,0.4847066402435303,missed_bag,703,0,,453.0,321.0,559.0,416.0,,0.0,0.06990303099155426,True,,100.34938963441681,model error,detected only below the operating threshold,,,
submission_640,best.pt,0.4847066402435303,missed_bag,703,1,,548.0,177.0,628.0,259.0,,0.0,0.009461488574743271,True,,80.99382692526635,model error,detected only below the operating threshold,,,
submission_640,best.pt,0.4847066402435303,missed_bag,734,0,,158.0,273.0,209.0,349.0,,0.0,0.18063512444496155,True,,62.25752966509352,model error,detected only below the operating threshold,,,
submission_640,best.pt,0.4847066402435303,missed_bag,734,1,,212.0,283.0,274.0,350.0,,0.0,0.19765549898147583,True,,64.45153217728807,model error,detected only below the operating threshold,,,
submission_640,best.pt,0.4847066402435303,missed_bag,734,2,,274.0,240.0,323.0,306.0,,0.0,0.007336855866014957,True,,56.868268832451726,model error,detected only below the operating threshold,,,
submission_640,best.pt,0.4847066402435303,missed_bag,734,3,,191.0,253.0,268.0,284.0,,0.0,0.05118868499994278,True,,48.85693400122443,model error,detected only below the operating threshold,,,
submission_640,best.pt,0.4847066402435303,missed_bag,764,0,,300.0,288.0,363.0,348.0,,0.0,0.14467652142047882,True,,61.48170459575759,model error,detected only below the operating threshold,,,
submission_640,best.pt,0.4847066402435303,missed_bag,788,0,,391.0,201.0,476.0,298.0,,0.0,0.004498761147260666,True,,90.80198235721508,model error,detected only below the operating threshold,,,
submission_640,best.pt,0.4847066402435303,missed_bag,788,1,,313.0,244.0,392.0,312.0,,0.0,0.03725804015994072,True,,73.29392880723478,model error,detected only below the operating threshold,,,
submission_640,best.pt,0.4847066402435303,missed_bag,788,2,,588.0,175.0,640.0,317.0,,0.0,0.0030834109056741,True,,85.93020423576334,model error,detected only below the operating threshold,,,
submission_640,best.pt,0.4847066402435303,missed_bag,788,3,,510.0,242.0,585.0,348.0,,0.0,,False,,89.16277250063504,model error,"never detected at IoU >= 0.5, even at conf 0.001",,,
submission_640,best.pt,0.4847066402435303,missed_bag,79,0,,20.0,0.0,156.0,102.0,,0.0,0.0990867167711258,True,,117.77945491468365,model error,detected only below the operating threshold,,,
submission_640,best.pt,0.4847066402435303,missed_bag,8,0,,158.0,160.0,245.0,305.0,,0.0,0.13078929483890533,True,,112.31651704001509,model error,detected only below the operating threshold,,,
submission_640,best.pt,0.4847066402435303,missed_bag,843,0,,197.0,79.0,369.0,233.0,,0.0,0.24552398920059204,True,,162.75134408047143,model error,detected only below the operating threshold,,,
submission_640,best.pt,0.4847066402435303,missed_bag,852,0,,85.0,207.0,209.0,341.0,,0.0,0.3029061555862427,True,,128.90306435457614,model error,detected only below the operating threshold,,,
submission_640,best.pt,0.4847066402435303,missed_bag,852,1,,182.0,330.0,247.0,433.0,,0.0,0.04193761572241783,True,,81.82297965730655,model error,detected only below the operating threshold,,,
submission_640,best.pt,0.4847066402435303,missed_bag,871,0,,521.0,193.0,640.0,430.0,,0.0,0.05996635928750038,True,,167.9374883699289,model error,detected only below the operating threshold,,,
submission_640,best.pt,0.4847066402435303,missed_bag,874,0,,239.0,191.0,365.0,316.0,,0.0,0.0797010064125061,True,,125.49900398011133,model error,detected only below the operating threshold,,,
submission_640,best.pt,0.4847066402435303,missed_bag,874,1,,122.0,216.0,184.0,282.0,,0.0,0.1254148781299591,True,,63.968742366877905,model error,detected only below the operating threshold,,,
submission_640,best.pt,0.4847066402435303,missed_bag,879,0,,391.0,379.0,509.0,429.0,,0.0,0.0171679574996233,True,,76.81145747868608,model error,detected only below the operating threshold,,,
submission_640,best.pt,0.4847066402435303,missed_bag,remondis_1-2022-07-19-06-18-50,0,,87.0,111.0,194.0,229.0,,0.0,0.22380787134170532,True,,112.36547512470189,model error,detected only below the operating threshold,,,
submission_640,best.pt,0.4847066402435303,missed_bag,remondis_1-2022-07-19-06-19-28,0,,273.0,176.0,390.0,231.0,,0.0,0.014897570013999939,True,,80.21845174272562,model error,detected only below the operating threshold,,,
submission_640,best.pt,0.4847066402435303,missed_bag,remondis_1-2022-07-19-06-24-01,0,,334.0,125.0,410.0,176.0,,0.0,0.14619967341423035,True,,62.25752966509352,model error,detected only below the operating threshold,,,
submission_640,best.pt,0.4847066402435303,missed_bag,remondis_1-2022-07-19-06-24-56,0,,207.0,135.0,270.0,178.0,,0.0,0.1776348501443863,True,,52.04805471869242,model error,detected only below the operating threshold,,,
submission_640,best.pt,0.4847066402435303,missed_bag,remondis_1-2022-07-19-06-24-56,1,,172.0,152.0,227.0,199.0,,0.0,0.1840057671070099,True,,50.84289527554464,model error,detected only below the operating threshold,,,
submission_640,best.pt,0.4847066402435303,missed_bag,remondis_1-2022-07-19-06-24-58,0,,206.0,135.0,272.0,177.0,,0.0,0.28049641847610474,True,,52.64978632435273,model error,detected only below the operating threshold,,,
submission_640,best.pt,0.4847066402435303,missed_bag,remondis_1-2022-07-19-06-24-58,1,,174.0,151.0,228.0,198.0,,0.0,0.1803678572177887,True,,50.37856687124,model error,detected only below the operating threshold,,,
submission_640,best.pt,0.4847066402435303,missed_bag,remondis_1-2022-07-19-08-03-31,0,,233.0,127.0,380.0,247.0,,0.0,0.13833779096603394,True,,132.81566172707193,model error,detected only below the operating threshold,,,
submission_640,best.pt,0.4847066402435303,missed_bag,remondis_1-2022-07-19-08-03-39,0,,340.0,141.0,452.0,214.0,,0.0,0.045502401888370514,True,,90.42123644365851,model error,detected only below the operating threshold,,,
submission_640,best.pt,0.4847066402435303,missed_bag,remondis_1-2022-07-19-08-05-19,0,,283.0,161.0,354.0,223.0,,0.0,0.18357139825820923,True,,66.34756966159348,model error,detected only below the operating threshold,,,
submission_640,best.pt,0.4847066402435303,missed_bag,remondis_1-2022-07-19-08-05-31,0,,373.0,99.0,448.0,185.0,,0.0,0.24763530492782593,True,,80.31189202104505,model error,detected only below the operating threshold,,,
submission_640,best.pt,0.4847066402435303,missed_bag,remondis_1-2022-07-19-08-05-32,0,,378.0,100.0,450.0,181.0,,0.0,0.2749757170677185,True,,76.36753236814714,model error,detected only below the operating threshold,,,
submission_640,best.pt,0.4847066402435303,missed_bag,remondis_1-2022-07-19-08-05-34,0,,374.0,98.0,448.0,187.0,,0.0,0.1999393105506897,True,,81.15417426109393,model error,detected only below the operating threshold,,,
submission_640,best.pt,0.4847066402435303,missed_bag,remondis_1-2022-07-19-08-05-35,0,,377.0,104.0,439.0,186.0,,0.0,0.15803149342536926,True,,71.30217387990355,model error,detected only below the operating threshold,,,
submission_640,best.pt,0.4847066402435303,missed_bag,remondis_1-2022-07-19-08-05-38,0,,362.0,123.0,437.0,184.0,,0.0,0.23725733160972595,True,,67.63874629234341,model error,detected only below the operating threshold,,,
submission_640,best.pt,0.4847066402435303,missed_bag,remondis_1-2022-07-19-08-06-03,0,,278.0,94.0,364.0,149.0,,0.0,0.16584420204162598,True,,68.7749954561976,model error,detected only below the operating threshold,,,
submission_640,best.pt,0.4847066402435303,missed_bag,vlcsnap-2022-08-06-13h10m03s265,0,,645.0,85.0,778.0,174.0,,0.0,0.30789411067962646,True,,108.79797792238604,model error,detected only below the operating threshold,,,
submission_640,best.pt,0.4847066402435303,missed_bag,vlcsnap-2022-08-06-13h10m03s265,1,,532.0,100.0,666.0,177.0,,0.0,0.12434165179729462,True,,101.57755657624375,model error,detected only below the operating threshold,,,
submission_640,best.pt,0.4847066402435303,missed_bag,vlcsnap-2022-08-06-13h10m03s265,2,,418.0,140.0,525.0,184.0,,0.0,0.02355719357728958,True,,68.61486719363377,model error,detected only below the operating threshold,,,
submission_640,best.pt,0.4847066402435303,missed_bag,vlcsnap-2022-08-06-13h10m03s265,3,,344.0,95.0,444.0,161.0,,0.0,0.22802037000656128,True,,81.24038404635961,model error,detected only below the operating threshold,,,
submission_640,best.pt,0.4847066402435303,missed_bag,vlcsnap-2022-08-06-13h12m10s772,0,,759.0,251.0,1014.0,550.0,,0.0,0.29279276728630066,True,,276.1249717066531,model error,detected only below the operating threshold,,,
submission_640,best.pt,0.4847066402435303,missed_bag,vlcsnap-2022-08-06-13h12m10s772,1,,494.0,227.0,791.0,515.0,,0.0,0.30211782455444336,True,,292.46538256689456,model error,detected only below the operating threshold,,,
submission_640,best.pt,0.4847066402435303,missed_bag,vlcsnap-2022-08-06-13h12m10s772,2,,372.0,392.0,729.0,694.0,,0.0,0.24410748481750488,True,,328.35042256711046,model error,detected only below the operating threshold,,,
submission_640,best.pt,0.4847066402435303,missed_bag,vlcsnap-2022-08-06-13h12m10s772,3,,109.0,312.0,505.0,657.0,,0.0,0.3749782145023346,True,,369.62142795027455,model error,detected only below the operating threshold,,,
submission_640,best.pt,0.4847066402435303,missed_bag,vlcsnap-2022-08-06-13h12m12s568,0,,329.0,145.0,491.0,311.0,,0.0,0.2973704934120178,True,,163.98780442459739,model error,detected only below the operating threshold,,,
submission_640,best.pt,0.4847066402435303,missed_bag,vlcsnap-2022-08-06-13h12m12s568,1,,482.0,144.0,646.0,315.0,,0.0,0.23188289999961853,True,,167.46342884343434,model error,detected only below the operating threshold,,,
submission_640,best.pt,0.4847066402435303,missed_bag,vlcsnap-2022-08-06-13h12m12s568,2,,631.0,150.0,798.0,272.0,,0.0,0.22123464941978455,True,,142.73752134600068,model error,detected only below the operating threshold,,,
submission_640,best.pt,0.4847066402435303,missed_bag,vlcsnap-2022-08-06-13h12m16s437,0,,315.0,77.0,496.0,241.0,,0.0,0.3849112391471863,True,,172.29045243425418,model error,detected only below the operating threshold,,,
submission_640,best.pt,0.4847066402435303,missed_bag,vlcsnap-2022-08-06-13h12m16s437,1,,461.0,100.0,628.0,231.0,,0.0,0.301910400390625,True,,147.9087556569928,model error,detected only below the operating threshold,,,
submission_640,best.pt,0.4847066402435303,missed_bag,vlcsnap-2022-08-06-13h12m16s437,2,,504.0,194.0,714.0,352.0,,0.0,0.24092930555343628,True,,182.1537811850196,model error,detected only below the operating threshold,,,
submission_640,best.pt,0.4847066402435303,missed_bag,vlcsnap-2022-08-06-13h12m22s135,0,,351.0,72.0,485.0,170.0,,0.0,0.05601697415113449,True,,114.5949388062143,model error,detected only below the operating threshold,,,
submission_640,best.pt,0.4847066402435303,missed_bag,vlcsnap-2022-08-06-13h12m22s135,1,,476.0,34.0,621.0,182.0,,0.0,0.1060476303100586,True,,146.4923206178399,model error,detected only below the operating threshold,,,
submission_640,best.pt,0.4847066402435303,missed_bag,vlcsnap-2022-08-06-13h12m22s135,2,,569.0,92.0,715.0,261.0,,0.0,0.15842798352241516,True,,157.07959765672945,model error,detected only below the operating threshold,,,
submission_640,best.pt,0.4847066402435303,missed_bag,vlcsnap-2022-08-06-13h12m45s962,0,,459.0,72.0,655.0,188.0,,0.0,0.15118633210659027,True,,150.78461459976612,model error,detected only below the operating threshold,,,
submission_640,best.pt,0.4847066402435303,missed_bag,vlcsnap-2022-08-06-13h14m56s668,0,,539.0,464.0,879.0,658.0,,0.0,0.20349329710006714,True,,256.82678987987214,model error,detected only below the operating threshold,,,
submission_640,best.pt,0.4847066402435303,missed_bag,vlcsnap-2022-08-06-13h14m56s668,1,,204.0,365.0,414.0,524.0,,0.0,0.12358900904655457,True,,182.72930799409272,model error,detected only below the operating threshold,,,
submission_640,best.pt,0.4847066402435303,missed_bag,vlcsnap-2022-08-06-13h14m56s668,2,,398.0,205.0,564.0,427.0,,0.0,0.2609536945819855,True,,191.96874745645448,model error,detected only below the operating threshold,,,
submission_640,best.pt,0.4847066402435303,missed_bag,vlcsnap-2022-08-06-13h14m56s668,3,,696.0,185.0,884.0,474.0,,0.0,0.2881885766983032,True,,233.0922564136355,model error,detected only below the operating threshold,,,
submission_640,best.pt,0.4847066402435303,missed_bag,vlcsnap-2022-08-06-13h16m48s370,0,,379.0,195.0,559.0,342.0,,0.0,0.30314239859580994,True,,162.6653005407115,model error,detected only below the operating threshold,,,
submission_640,best.pt,0.4847066402435303,missed_bag,vlcsnap-2022-08-06-13h16m48s370,1,,536.0,81.0,686.0,218.0,,0.0,0.16925713419914246,True,,143.35271186831451,model error,detected only below the operating threshold,,,
submission_640,best.pt,0.4847066402435303,missed_bag,vlcsnap-2022-08-06-13h16m50s311,0,,419.0,154.0,572.0,301.0,,0.0,0.26544639468193054,True,,149.96999699939985,model error,detected only below the operating threshold,,,
submission_640,best.pt,0.4847066402435303,missed_bag,vlcsnap-2022-08-06-13h16m50s311,1,,536.0,64.0,688.0,181.0,,0.0,0.03665144741535187,True,,133.3566646253572,model error,detected only below the operating threshold,,,
submission_640,best.pt,0.4847066402435303,missed_bag,vlcsnap-2022-08-06-13h16m50s311,2,,692.0,64.0,812.0,212.0,,0.0,0.24812789261341095,True,,133.26664999166147,model error,detected only below the operating threshold,,,
submission_640,best.pt,0.4847066402435303,missed_bag,vlcsnap-2022-08-06-13h17m23s896,0,,445.0,337.0,588.0,454.0,,0.0,0.15760326385498047,True,,129.3483668238606,model error,detected only below the operating threshold,,,
submission_640,best.pt,0.4847066402435303,missed_bag,vlcsnap-2022-08-06-13h17m23s896,1,,492.0,174.0,629.0,337.0,,0.0,0.21385060250759125,True,,149.4356048604214,model error,detected only below the operating threshold,,,
submission_640,best.pt,0.4847066402435303,missed_bag,vlcsnap-2022-08-06-13h17m23s896,2,,616.0,248.0,749.0,372.0,,0.0,0.23075267672538757,True,,128.42118205342916,model error,detected only below the operating threshold,,,
submission_640,best.pt,0.4847066402435303,missed_bag,vlcsnap-2022-08-06-13h17m28s230,0,,641.0,364.0,838.0,528.0,,0.0,0.3775998651981354,True,,179.74426277353055,model error,detected only below the operating threshold,,,
submission_640,best.pt,0.4847066402435303,missed_bag,vlcsnap-2022-08-06-13h17m28s230,1,,314.0,442.0,582.0,625.0,,0.0,0.21067091822624207,True,,221.45879978000423,model error,detected only below the operating threshold,,,
submission_640,best.pt,0.4847066402435303,missed_bag,vlcsnap-2022-08-06-13h17m28s230,2,,451.0,265.0,645.0,474.0,,0.0,0.35083237290382385,True,,201.36037346012247,model error,detected only below the operating threshold,,,
submission_640,best.pt,0.4847066402435303,missed_bag,vlcsnap-2022-08-06-13h17m28s230,3,,716.0,170.0,812.0,254.0,,0.0,0.24129165709018707,True,,89.7997772825746,model error,detected only below the operating threshold,,,
submission_640,best.pt,0.4847066402435303,missed_bag,vlcsnap-2022-08-06-13h17m33s731,0,,465.0,137.0,612.0,258.0,,0.0,0.334440678358078,True,,133.36791218280356,model error,detected only below the operating threshold,,,
submission_640,best.pt,0.4847066402435303,missed_bag,vlcsnap-2022-08-06-13h17m33s731,1,,624.0,291.0,712.0,420.0,,0.0,0.321528822183609,True,,106.54576481493763,model error,detected only below the operating threshold,,,
submission_640,best.pt,0.4847066402435303,missed_bag,vlcsnap-2022-08-06-13h17m58s081,0,,531.0,141.0,714.0,280.0,,0.0,0.19674962759017944,True,,159.48981158682207,model error,detected only below the operating threshold,,,
submission_640,best.pt,0.4847066402435303,missed_bag,vlcsnap-2022-08-06-13h17m58s081,1,,702.0,121.0,808.0,228.0,,0.0,0.09490381926298141,True,,106.49882628461216,model error,detected only below the operating threshold,,,
submission_640,best.pt,0.4847066402435303,missed_bag,vlcsnap-2022-08-06-13h18m47s453,0,,638.0,297.0,749.0,430.0,,0.0,0.3889696002006531,True,,121.50308638055249,model error,detected only below the operating threshold,,,
submission_640,best.pt,0.4847066402435303,missed_bag,vlcsnap-2022-08-06-13h18m47s453,1,,671.0,215.0,826.0,337.0,,0.0,0.16389042139053345,True,,137.5136356875201,model error,detected only below the operating threshold,,,
submission_640,best.pt,0.4847066402435303,missed_bag,vlcsnap-2022-08-06-13h18m47s453,2,,305.0,285.0,422.0,410.0,,0.0,0.11970356851816177,True,,120.93386622447825,model error,detected only below the operating threshold,,,
submission_640,best.pt,0.4847066402435303,missed_bag,vlcsnap-2022-08-06-13h18m47s453,3,,269.0,361.0,389.0,482.0,,0.0,0.03219318762421608,True,,120.49896265113655,model error,detected only below the operating threshold,,,
submission_640,best.pt,0.4847066402435303,missed_bag,vlcsnap-2022-08-06-13h18m47s453,4,,472.0,252.0,575.0,362.0,,0.0,0.05216006934642792,True,,106.44247272588137,model error,detected only below the operating threshold,,,
submission_640,best.pt,0.4847066402435303,missed_bag,vlcsnap-2022-08-06-13h19m26s851,0,,506.0,134.0,646.0,234.0,,0.0,0.15927016735076904,True,,118.32159566199232,model error,detected only below the operating threshold,,,
submission_640,best.pt,0.4847066402435303,missed_bag,vlcsnap-2022-08-06-13h19m26s851,1,,586.0,90.0,719.0,188.0,,0.0,0.03937322273850441,True,,114.16654501210063,model error,detected only below the operating threshold,,,
submission_640,best.pt,0.4847066402435303,missed_bag,vlcsnap-2022-08-06-13h19m26s851,2,,641.0,52.0,834.0,275.0,,0.0,0.15845105051994324,True,,207.458429570842,model error,detected only below the operating threshold,,,
submission_640,best.pt,0.4847066402435303,missed_bag,vlcsnap-2022-08-06-13h20m18s405,0,,739.0,2.0,1006.0,304.0,,0.0,0.13003773987293243,True,,283.9612649640792,model error,detected only below the operating threshold,,,
submission_640,best.pt,0.4847066402435303,missed_bag,vlcsnap-2022-08-06-13h20m18s405,1,,234.0,121.0,394.0,291.0,,0.0,0.18079310655593872,True,,164.92422502470643,model error,detected only below the operating threshold,,,
submission_640,best.pt,0.4847066402435303,missed_bag,vlcsnap-2022-08-06-13h20m18s405,2,,391.0,5.0,509.0,205.0,,0.0,0.15120463073253632,True,,153.62291495737216,model error,detected only below the operating threshold,,,
submission_640,best.pt,0.4847066402435303,missed_bag,vlcsnap-2022-08-06-13h20m18s405,3,,488.0,48.0,702.0,317.0,,0.0,0.08486834913492203,True,,239.92915621074485,model error,detected only below the operating threshold,,,
submission_640,best.pt,0.4847066402435303,missed_bag,vlcsnap-2022-08-06-13h20m18s405,4,,269.0,208.0,788.0,537.0,,0.0,0.07841983437538147,True,,413.2202802380348,model error,detected only below the operating threshold,,,
submission_640,best.pt,0.4847066402435303,missed_bag,vlcsnap-2022-08-06-13h21m33s380,0,,265.0,154.0,399.0,261.0,,0.0,0.25847673416137695,True,,119.74138799930456,model error,detected only below the operating threshold,,,
submission_640,best.pt,0.4847066402435303,missed_bag,vlcsnap-2022-08-06-13h21m33s380,1,,605.0,230.0,696.0,345.0,,0.0,0.10813412070274353,True,,102.2985825903761,model error,detected only below the operating threshold,,,
submission_640,best.pt,0.4847066402435303,missed_bag,vlcsnap-2022-08-06-13h21m40s257,0,,286.0,304.0,452.0,425.0,,0.0,0.37871432304382324,True,,141.7250859939764,model error,detected only below the operating threshold,,,
submission_640,best.pt,0.4847066402435303,missed_bag,vlcsnap-2022-08-06-13h21m40s257,1,,571.0,285.0,738.0,410.0,,0.0,0.13837917149066925,True,,144.4818327679989,model error,detected only below the operating threshold,,,
submission_640,best.pt,0.4847066402435303,missed_bag,vlcsnap-2022-08-06-13h21m56s803,0,,669.0,250.0,811.0,362.0,,0.0,0.21289262175559998,True,,126.11106216347557,model error,detected only below the operating threshold,,,
submission_640,best.pt,0.4847066402435303,missed_bag,vlcsnap-2022-08-06-13h21m56s803,1,,631.0,188.0,712.0,255.0,,0.0,0.041574280709028244,True,,73.66817494685205,model error,detected only below the operating threshold,,,
submission_640,best.pt,0.4847066402435303,missed_bag,vlcsnap-2022-08-06-13h22m23s656,0,,391.0,194.0,479.0,298.0,,0.0,0.2080395519733429,True,,95.66608594481119,model error,detected only below the operating threshold,,,
submission_640,best.pt,0.4847066402435303,missed_bag,vlcsnap-2022-08-06-13h22m23s656,1,,288.0,181.0,395.0,282.0,,0.0,0.11915291845798492,True,,103.95672176439578,model error,detected only below the operating threshold,,,
submission_640,best.pt,0.4847066402435303,missed_bag,vlcsnap-2022-08-06-13h22m29s200,0,,385.0,188.0,492.0,295.0,,0.0,0.1948201060295105,True,,107.0,model error,detected only below the operating threshold,,,
submission_640,best.pt,0.4847066402435303,missed_bag,vlcsnap-2022-08-06-13h22m29s200,1,,684.0,431.0,789.0,551.0,,0.0,0.1418190747499466,True,,112.24972160321825,model error,detected only below the operating threshold,,,
submission_640,best.pt,0.4847066402435303,missed_bag,vlcsnap-2022-08-06-13h22m32s849,0,,678.0,324.0,819.0,454.0,,0.0,0.050377391278743744,True,,135.3883303686104,model error,detected only below the operating threshold,,,
submission_640,best.pt,0.4847066402435303,missed_bag,vlcsnap-2022-08-06-13h25m31s328,0,,404.0,370.0,716.0,574.0,,0.0,0.4228134751319885,True,,252.28555249954366,model error,detected only below the operating threshold,,,
submission_640,best.pt,0.4847066402435303,missed_bag,vlcsnap-2022-08-06-13h26m05s119,0,,506.0,441.0,656.0,595.0,,0.0,0.1996387541294098,True,,151.98684153570665,model error,detected only below the operating threshold,,,
submission_640,best.pt,0.4847066402435303,missed_bag,vlcsnap-2022-08-06-13h26m08s522,0,,409.0,392.0,528.0,484.0,,0.0,0.2202015221118927,True,,104.63269087622663,model error,detected only below the operating threshold,,,
submission_640,best.pt,0.4847066402435303,missed_bag,vlcsnap-2022-08-06-13h26m28s820,0,,406.0,312.0,634.0,534.0,,0.0,0.4302499294281006,True,,224.9799991110321,model error,detected only below the operating threshold,,,
submission_640,best.pt,0.4847066402435303,missed_bag,vlcsnap-2022-08-06-13h27m29s623,0,,372.0,330.0,549.0,551.0,,0.0,0.313185453414917,True,,197.7801810091193,model error,detected only below the operating threshold,,,
submission_640,best.pt,0.4847066402435303,missed_bag,vlcsnap-2022-08-06-13h27m29s623,1,,624.0,350.0,821.0,594.0,,0.0,0.3456994295120239,True,,219.24415613648634,model error,detected only below the operating threshold,,,
submission_640,best.pt,0.4847066402435303,missed_bag,vlcsnap-2022-08-06-13h28m46s345,0,,519.0,427.0,645.0,572.0,,0.0,0.25927942991256714,True,,135.16656391282572,model error,detected only below the operating threshold,,,
submission_640,best.pt,0.4847066402435303,missed_bag,vlcsnap-2022-08-06-13h28m46s345,1,,638.0,442.0,741.0,580.0,,0.0,0.3636784255504608,True,,119.22248110151038,model error,detected only below the operating threshold,,,
submission_640,best.pt,0.4847066402435303,missed_bag,vlcsnap-2022-08-06-13h28m46s345,2,,702.0,475.0,812.0,567.0,,0.0,0.13249745965003967,True,,100.59821071967433,model error,detected only below the operating threshold,,,
submission_640,best.pt,0.4847066402435303,missed_bag,vlcsnap-2022-08-06-13h29m07s076,0,,565.0,334.0,658.0,485.0,,0.0,0.15444475412368774,True,,118.50316451470822,model error,detected only below the operating threshold,,,
submission_640,best.pt,0.4847066402435303,missed_bag,vlcsnap-2022-08-06-13h29m35s661,0,,565.0,462.0,688.0,574.0,,0.0,0.3268871605396271,True,,117.37120600896968,model error,detected only below the operating threshold,,,
submission_640,best.pt,0.4847066402435303,missed_bag,vlcsnap-2022-08-06-13h29m35s661,1,,644.0,382.0,838.0,535.0,,0.0,0.13686256110668182,True,,172.28464818433474,model error,detected only below the operating threshold,,,
submission_640,best.pt,0.4847066402435303,missed_bag,vlcsnap-2022-08-06-13h29m35s661,2,,359.0,297.0,459.0,390.0,,0.0,0.1579986959695816,True,,96.43650760992955,model error,detected only below the operating threshold,,,
submission_640,best.pt,0.4847066402435303,missed_bag,vlcsnap-2022-08-06-13h29m35s661,3,,496.0,94.0,636.0,210.0,,0.0,0.10481449216604233,True,,127.43625857659192,model error,detected only below the operating threshold,,,
submission_640,best.pt,0.4847066402435303,missed_bag,vlcsnap-2022-08-06-13h30m02s333,0,,644.0,365.0,769.0,455.0,,0.0,0.2692425847053528,True,,106.06601717798213,model error,detected only below the operating threshold,,,
submission_640,best.pt,0.4847066402435303,missed_bag,vlcsnap-2022-08-06-13h30m06s818,0,,342.0,205.0,486.0,337.0,,0.0,0.2674317955970764,True,,137.8695035169127,model error,detected only below the operating threshold,,,
submission_640,best.pt,0.4847066402435303,missed_bag,vlcsnap-2022-08-06-13h32m59s590,0,,392.0,287.0,495.0,408.0,,0.0,0.351423978805542,True,,111.63780721601441,model error,detected only below the operating threshold,,,
submission_640,best.pt,0.4847066402435303,missed_bag,vlcsnap-2022-08-06-13h32m59s590,1,,352.0,158.0,479.0,282.0,,0.0,0.2727348208427429,True,,125.49103553640794,model error,detected only below the operating threshold,,,
submission_640,best.pt,0.4847066402435303,missed_bag,vlcsnap-2022-08-06-13h34m32s292,0,,692.0,364.0,801.0,480.0,,0.0,0.31465762853622437,True,,112.44554237496477,model error,detected only below the operating threshold,,,
submission_640,best.pt,0.4847066402435303,missed_bag,vlcsnap-2022-08-06-13h34m40s084,0,,722.0,418.0,941.0,582.0,,0.0,0.27311113476753235,True,,189.51517089668573,model error,detected only below the operating threshold,,,
submission_640,best.pt,0.4847066402435303,missed_bag,vlcsnap-2022-08-06-13h34m40s084,1,,454.0,355.0,622.0,545.0,,0.0,0.2109372913837433,True,,178.66169147301835,model error,detected only below the operating threshold,,,
submission_640,best.pt,0.4847066402435303,missed_bag,vlcsnap-2022-08-06-13h35m58s922,0,,632.0,420.0,796.0,568.0,,0.0,0.2582862973213196,True,,155.79473675320358,model error,detected only below the operating threshold,,,
submission_640,best.pt,0.4847066402435303,missed_bag,vlcsnap-2022-08-06-13h35m58s922,1,,374.0,248.0,496.0,327.0,,0.0,0.18905600905418396,True,,98.17331613019904,model error,detected only below the operating threshold,,,
submission_640,best.pt,0.4847066402435303,missed_bag,vlcsnap-2022-08-06-13h36m47s961,0,,558.0,345.0,678.0,501.0,,0.0,0.3415123224258423,True,,136.82105101189657,model error,detected only below the operating threshold,,,
submission_640,best.pt,0.4847066402435303,missed_bag,vlcsnap-2022-08-06-13h36m47s961,1,,874.0,367.0,994.0,465.0,,0.0,0.42572474479675293,True,,108.44353369380767,model error,detected only below the operating threshold,,,
submission_640,best.pt,0.4847066402435303,missed_bag,vlcsnap-2022-08-06-13h37m06s241,0,,471.0,371.0,582.0,537.0,,0.0,0.21880942583084106,True,,135.74240310234677,model error,detected only below the operating threshold,,,
submission_640,best.pt,0.4847066402435303,missed_bag,vlcsnap-2022-08-06-13h37m06s241,1,,544.0,378.0,668.0,557.0,,0.0,0.3895464241504669,True,,148.98322053170955,model error,detected only below the operating threshold,,,
submission_640,best.pt,0.4847066402435303,missed_bag,vlcsnap-2022-08-06-13h37m06s241,2,,655.0,411.0,752.0,581.0,,0.0,0.16123521327972412,True,,128.41339493993607,model error,detected only below the operating threshold,,,
submission_640,best.pt,0.4847066402435303,missed_bag,vlcsnap-2022-08-06-13h39m19s469,0,,570.0,111.0,656.0,207.0,,0.0,0.028455503284931183,True,,90.86253353280438,model error,detected only below the operating threshold,,,
submission_640,best.pt,0.4847066402435303,missed_bag,vlcsnap-2022-08-06-13h39m19s469,1,,336.0,183.0,452.0,302.0,,0.0,0.18355582654476166,True,,117.49042514179612,model error,detected only below the operating threshold,,,
submission_640,best.pt,0.4847066402435303,missed_bag,vlcsnap-2022-08-06-13h39m19s469,2,,557.0,223.0,627.0,374.0,,0.0,0.014824895188212395,True,,102.810505299799,model error,detected only below the operating threshold,,,
submission_640,best.pt,0.4847066402435303,missed_bag,vlcsnap-2022-08-06-13h39m19s469,3,,713.0,507.0,833.0,593.0,,0.0,0.0031695852521806955,True,,101.58740079360236,model error,detected only below the operating threshold,,,
submission_640,best.pt,0.4847066402435303,missed_bag,vlcsnap-2022-08-06-13h43m28s942,0,,668.0,381.0,837.0,555.0,,0.0,0.09607044607400894,True,,171.48177745754796,model error,detected only below the operating threshold,,,
submission_640,best.pt,0.4847066402435303,missed_bag,vlcsnap-2022-08-06-13h43m28s942,1,,473.0,130.0,701.0,340.0,,0.0,0.2775949239730835,True,,218.81499034572562,model error,detected only below the operating threshold,,,
submission_640,best.pt,0.4847066402435303,missed_bag,vlcsnap-2022-08-06-13h43m28s942,2,,370.0,150.0,526.0,401.0,,0.0,0.27458035945892334,True,,197.87875075409184,model error,detected only below the operating threshold,,,
submission_640,best.pt,0.4847066402435303,missed_bag,vlcsnap-2022-08-06-13h44m18s299,0,,526.0,260.0,782.0,414.0,,0.0,0.20386606454849243,True,,198.5547783358537,model error,detected only below the operating threshold,,,
submission_640,best.pt,0.4847066402435303,missed_bag,vlcsnap-2022-08-06-13h49m25s020,0,,564.0,320.0,731.0,457.0,,0.0,0.21471194922924042,True,,151.2580576366099,model error,detected only below the operating threshold,,,
submission_640,best.pt,0.4847066402435303,missed_bag,vlcsnap-2022-08-06-13h49m25s020,1,,687.0,433.0,820.0,572.0,,0.0,0.25000324845314026,True,,135.96690773861116,model error,detected only below the operating threshold,,,
submission_640,best.pt,0.4847066402435303,missed_bag,vlcsnap-2022-08-06-13h49m25s020,2,,808.0,433.0,969.0,636.0,,0.0,0.19448256492614746,True,,180.7844019820294,model error,detected only below the operating threshold,,,
submission_640,best.pt,0.4847066402435303,missed_bag,vlcsnap-2022-08-06-13h49m25s020,3,,532.0,419.0,652.0,541.0,,0.0,0.17804962396621704,True,,120.9958676980334,model error,detected only below the operating threshold,,,
submission_640,best.pt,0.4847066402435303,missed_bag,vlcsnap-2022-08-06-13h50m43s175,0,,578.0,488.0,687.0,605.0,,0.0,0.08869710564613342,True,,112.92918134831227,model error,detected only below the operating threshold,,,
submission_640,best.pt,0.4847066402435303,missed_bag,vlcsnap-2022-08-06-13h50m43s175,1,,664.0,335.0,877.0,577.0,,0.0,0.20855645835399628,True,,227.0374418460532,model error,detected only below the operating threshold,,,
submission_640,best.pt,0.4847066402435303,missed_bag,vlcsnap-2022-08-06-13h50m43s175,2,,474.0,209.0,574.0,311.0,,0.0,0.3312481641769409,True,,100.99504938362078,model error,detected only below the operating threshold,,,
submission_640,best.pt,0.4847066402435303,missed_bag,vlcsnap-2022-08-06-13h50m51s446,0,,625.0,293.0,768.0,402.0,,0.0,0.2577180564403534,True,,124.84790747145104,model error,detected only below the operating threshold,,,
submission_640,best.pt,0.4847066402435303,missed_bag,vlcsnap-2022-08-06-13h50m51s446,1,,856.0,407.0,952.0,550.0,,0.0,0.15305566787719727,True,,117.16654812701448,model error,detected only below the operating threshold,,,
submission_640,best.pt,0.4847066402435303,missed_bag,vlcsnap-2022-08-06-13h50m51s446,2,,761.0,472.0,875.0,558.0,,0.0,0.35721516609191895,True,,99.0151503558925,model error,detected only below the operating threshold,,,
submission_640,best.pt,0.4847066402435303,missed_bag,vlcsnap-2022-08-06-13h50m51s446,3,,656.0,422.0,765.0,547.0,,0.0,0.12679602205753326,True,,116.72617529928752,model error,detected only below the operating threshold,,,
submission_640,best.pt,0.4847066402435303,missed_bag,vlcsnap-2022-08-06-13h50m51s446,4,,469.0,205.0,568.0,322.0,,0.0,0.250090092420578,True,,107.62434668791258,model error,detected only below the operating threshold,,,
submission_640,best.pt,0.4847066402435303,missed_bag,vlcsnap-2022-08-06-13h51m48s758,0,,640.0,386.0,846.0,585.0,,0.0,0.34215202927589417,True,,202.46975082712973,model error,detected only below the operating threshold,,,
submission_640,best.pt,0.4847066402435303,missed_bag,vlcsnap-2022-08-06-13h51m48s758,1,,441.0,297.0,639.0,488.0,,0.0,0.24164962768554688,True,,194.46850644770223,model error,detected only below the operating threshold,,,
submission_640,best.pt,0.4847066402435303,missed_bag,vlcsnap-2022-08-06-13h51m48s758,2,,403.0,185.0,563.0,316.0,,0.0,0.2075190246105194,True,,144.77568856683087,model error,detected only below the operating threshold,,,
submission_640,best.pt,0.4847066402435303,missed_bag,vlcsnap-2022-08-06-13h52m00s018,0,,537.0,459.0,674.0,604.0,,0.0,0.19620712101459503,True,,140.9432509913121,model error,detected only below the operating threshold,,,
submission_640,best.pt,0.4847066402435303,missed_bag,vlcsnap-2022-08-06-13h52m00s018,1,,631.0,366.0,773.0,520.0,,0.0,0.372947633266449,True,,147.87832836490952,model error,detected only below the operating threshold,,,
submission_640,best.pt,0.4847066402435303,missed_bag,vlcsnap-2022-08-06-13h52m00s018,2,,136.0,286.0,239.0,398.0,,0.0,0.08442100137472153,True,,107.40577265678041,model error,detected only below the operating threshold,,,
submission_640,best.pt,0.4847066402435303,missed_bag,vlcsnap-2022-08-06-13h52m54s414,0,,669.0,319.0,818.0,500.0,,0.0,0.263395756483078,True,,164.2224101637776,model error,detected only below the operating threshold,,,
submission_640,best.pt,0.4847066402435303,missed_bag,vlcsnap-2022-08-06-13h52m54s414,1,,171.0,217.0,298.0,315.0,,0.0,0.028560206294059753,True,,111.56164215356459,model error,detected only below the operating threshold,,,
submission_640,best.pt,0.4847066402435303,missed_bag,vlcsnap-2022-08-06-13h52m54s414,2,,234.0,439.0,360.0,506.0,,0.0,0.1399545818567276,True,,91.88035698668132,model error,detected only below the operating threshold,,,
submission_640,best.pt,0.4847066402435303,missed_bag,vlcsnap-2022-08-06-13h52m54s414,3,,316.0,439.0,489.0,617.0,,0.0,0.2684434652328491,True,,175.4821928287882,model error,detected only below the operating threshold,,,
submission_640,best.pt,0.4847066402435303,missed_bag,vlcsnap-2022-08-06-13h54m19s366,0,,744.0,333.0,809.0,430.0,,0.0,0.06673872470855713,True,,79.40403012442127,model error,detected only below the operating threshold,,,
submission_640,best.pt,0.4847066402435303,missed_bag,vlcsnap-2022-08-06-13h54m19s366,1,,663.0,366.0,761.0,433.0,,0.0,0.14138484001159668,True,,81.03085831953157,model error,detected only below the operating threshold,,,
submission_640,best.pt,0.4847066402435303,missed_bag,vlcsnap-2022-08-06-13h54m43s328,0,,334.0,511.0,432.0,598.0,,0.0,0.20052599906921387,True,,92.33634170791044,model error,detected only below the operating threshold,,,
submission_640,best.pt,0.4847066402435303,missed_bag,vlcsnap-2022-08-06-13h54m43s328,1,,442.0,428.0,650.0,621.0,,0.0,0.35184475779533386,True,,200.3596765818911,model error,detected only below the operating threshold,,,
submission_640,best.pt,0.4847066402435303,missed_bag,vlcsnap-2022-08-06-13h54m43s328,2,,459.0,379.0,642.0,476.0,,0.0,0.1568155139684677,True,,133.23287882501077,model error,detected only below the operating threshold,,,
submission_640,best.pt,0.4847066402435303,missed_bag,vlcsnap-2022-08-06-13h56m56s362,0,,426.0,364.0,565.0,486.0,,0.0,0.1507711112499237,True,,130.22288585344742,model error,detected only below the operating threshold,,,
submission_640,best.pt,0.4847066402435303,missed_bag,vlcsnap-2022-08-06-13h56m56s362,1,,611.0,236.0,732.0,300.0,,0.0,0.09439285099506378,True,,88.0,model error,detected only below the operating threshold,,,
submission_640,best.pt,0.4847066402435303,missed_bag,vlcsnap-2022-08-06-13h56m56s362,2,,585.0,414.0,792.0,595.0,,0.0,0.3623546361923218,True,,193.56394292326243,model error,detected only below the operating threshold,,,
submission_640,best.pt,0.4847066402435303,missed_bag,vlcsnap-2022-08-06-13h56m56s362,3,,601.0,310.0,751.0,404.0,,0.0,0.23576349020004272,True,,118.74342087037917,model error,detected only below the operating threshold,,,
submission_640,best.pt,0.4847066402435303,missed_bag,vlcsnap-2022-08-06-13h56m56s362,4,,141.0,271.0,269.0,357.0,,0.0,0.13492752611637115,True,,104.919016388832,model error,detected only below the operating threshold,,,
submission_640,best.pt,0.4847066402435303,missed_bag,vlcsnap-2022-08-06-13h57m05s560,0,,160.0,292.0,280.0,387.0,,0.0,0.45261478424072266,True,,106.7707825203131,model error,detected only below the operating threshold,,,
submission_640,best.pt,0.4847066402435303,missed_bag,vlcsnap-2022-08-06-13h57m05s560,1,,630.0,525.0,784.0,620.0,,0.0,0.20876950025558472,True,,120.95453691366852,model error,detected only below the operating threshold,,,
submission_640,best.pt,0.4847066402435303,missed_bag,vlcsnap-2022-08-06-13h57m05s560,2,,522.0,400.0,652.0,511.0,,0.0,0.27138155698776245,True,,120.124934963562,model error,detected only below the operating threshold,,,
submission_640,best.pt,0.4847066402435303,missed_bag,vlcsnap-2022-08-06-13h57m05s560,3,,484.0,209.0,634.0,391.0,,0.0,0.30305734276771545,True,,165.22711641858305,model error,detected only below the operating threshold,,,
submission_640,best.pt,0.4847066402435303,missed_bag,vlcsnap-2022-08-06-13h57m05s560,4,,592.0,229.0,780.0,421.0,,0.0,0.2853164076805115,True,,189.98947339260667,model error,detected only below the operating threshold,,,
submission_640,best.pt,0.4847066402435303,missed_bag,vlcsnap-2022-08-06-13h57m05s560,5,,755.0,224.0,873.0,363.0,,0.0,0.22332850098609924,True,,128.07029319869616,model error,detected only below the operating threshold,,,
submission_640,best.pt,0.4847066402435303,missed_bag,vlcsnap-2022-08-06-13h57m05s560,6,,428.0,373.0,541.0,504.0,,0.0,0.21850478649139404,True,,121.66757990524839,model error,detected only below the operating threshold,,,
submission_640,best.pt,0.4847066402435303,missed_bag,vlcsnap-2022-08-06-14h00m33s459,0,,470.0,473.0,628.0,635.0,,0.0,0.24468277394771576,True,,159.9874995116806,model error,detected only below the operating threshold,,,
submission_640,best.pt,0.4847066402435303,missed_bag,vlcsnap-2022-08-06-14h00m33s459,1,,530.0,398.0,726.0,548.0,,0.0,0.21837159991264343,True,,171.46428199482247,model error,detected only below the operating threshold,,,
submission_640,best.pt,0.4847066402435303,missed_bag,vlcsnap-2022-08-06-14h00m33s459,2,,318.0,474.0,445.0,611.0,,0.0,0.3990952968597412,True,,131.90526903804866,model error,detected only below the operating threshold,,,
submission_640,best.pt,0.4847066402435303,missed_bag,vlcsnap-2022-08-06-14h00m33s459,3,,382.0,405.0,489.0,492.0,,0.0,0.18458080291748047,True,,96.48315915225828,model error,detected only below the operating threshold,,,
submission_640,best.pt,0.4847066402435303,missed_bag,vlcsnap-2022-08-06-14h19m45s200,0,,128.0,209.0,308.0,368.0,,0.0,0.008536908775568008,True,,169.1744661584602,model error,detected only below the operating threshold,,,
submission_640,best.pt,0.4847066402435303,missed_bag,vlcsnap-2022-08-06-14h19m45s200,1,,451.0,419.0,675.0,625.0,,0.0,0.20425263047218323,True,,214.81154531356083,model error,detected only below the operating threshold,,,
submission_640,best.pt,0.4847066402435303,missed_bag,vlcsnap-2022-08-06-14h19m45s200,2,,260.0,435.0,418.0,585.0,,0.0,0.1582716554403305,True,,153.94804318340653,model error,detected only below the operating threshold,,,
submission_640,best.pt,0.4847066402435303,missed_bag,vlcsnap-2022-08-06-14h20m07s460,0,,99.0,216.0,347.0,466.0,,0.0,0.19698773324489594,True,,248.99799195977465,model error,detected only below the operating threshold,,,
submission_640,best.pt,0.4847066402435303,missed_bag,vlcsnap-2022-08-06-14h20m07s460,1,,515.0,395.0,730.0,583.0,,0.0,0.2723754048347473,True,,201.0472581260436,model error,detected only below the operating threshold,,,
submission_640,best.pt,0.4847066402435303,missed_bag,vlcsnap-2022-08-06-14h21m02s373,0,,532.0,366.0,711.0,500.0,,0.0,0.43709057569503784,True,,154.87414245121747,model error,detected only below the operating threshold,,,
submission_640,best.pt,0.4847066402435303,missed_bag,vlcsnap-2022-08-06-14h21m02s373,1,,451.0,434.0,592.0,615.0,,0.0,0.15013879537582397,True,,159.75293424535275,model error,detected only below the operating threshold,,,
submission_640,best.pt,0.4847066402435303,missed_bag,vlcsnap-2022-08-06-14h21m02s373,2,,155.0,243.0,341.0,405.0,,0.0,0.1788872927427292,True,,173.5857136978732,model error,detected only below the operating threshold,,,
submission_640,best.pt,0.4847066402435303,missed_bag,vlcsnap-2022-08-06-14h21m13s081,0,,559.0,377.0,742.0,619.0,,0.0,0.2958671450614929,True,,210.4423911667989,model error,detected only below the operating threshold,,,
submission_640,best.pt,0.4847066402435303,missed_bag,vlcsnap-2022-08-06-14h21m13s081,1,,389.0,368.0,585.0,649.0,,0.0,0.15584884583950043,True,,234.68276459936294,model error,detected only below the operating threshold,,,
submission_640,best.pt,0.4847066402435303,missed_bag,vlcsnap-2022-08-06-14h21m13s081,2,,292.0,457.0,452.0,638.0,,0.0,0.1748974621295929,True,,170.1763790894612,model error,detected only below the operating threshold,,,
submission_640,best.pt,0.4847066402435303,missed_bag,vlcsnap-2022-08-06-14h21m13s081,3,,122.0,221.0,385.0,383.0,,0.0,0.1510813683271408,True,,206.41220894123487,model error,detected only below the operating threshold,,,
submission_640,best.pt,0.4847066402435303,missed_bag,vlcsnap-2022-08-06-14h21m24s699,0,,456.0,344.0,728.0,520.0,,0.0,0.2206304967403412,True,,218.7967092988375,model error,detected only below the operating threshold,,,
submission_640,best.pt,0.4847066402435303,missed_bag,vlcsnap-2022-08-06-14h21m24s699,1,,282.0,414.0,440.0,522.0,,0.0,0.4013265073299408,True,,130.62924634246346,model error,detected only below the operating threshold,,,
submission_640,best.pt,0.4847066402435303,missed_bag,vlcsnap-2022-08-06-14h22m03s539,0,,207.0,348.0,366.0,483.0,,0.0,0.06896394491195679,True,,146.50938536489735,model error,detected only below the operating threshold,,,
submission_640,best.pt,0.4847066402435303,missed_bag,vlcsnap-2022-08-06-14h22m03s539,1,,460.0,463.0,617.0,622.0,,0.0,0.1606902778148651,True,,157.99683541134613,model error,detected only below the operating threshold,,,
submission_640,best.pt,0.4847066402435303,missed_bag,vlcsnap-2022-08-06-14h22m03s539,2,,445.0,231.0,541.0,366.0,,0.0,0.2232697308063507,True,,113.84199576606166,model error,detected only below the operating threshold,,,
submission_640,best.pt,0.4847066402435303,missed_bag,vlcsnap-2022-08-06-14h22m26s662,0,,437.0,317.0,515.0,402.0,,0.0,0.16191613674163818,True,,81.42481194328913,model error,detected only below the operating threshold,,,
submission_640,best.pt,0.4847066402435303,missed_bag,vlcsnap-2022-08-06-14h22m26s662,1,,418.0,428.0,536.0,553.0,,0.0,0.29014426469802856,True,,121.4495780149112,model error,detected only below the operating threshold,,,
submission_640,best.pt,0.4847066402435303,missed_bag,vlcsnap-2022-08-06-14h23m24s998,0,,128.0,250.0,241.0,471.0,,0.0,0.2790161371231079,True,,158.02847844613325,model error,detected only below the operating threshold,,,
submission_640,best.pt,0.4847066402435303,missed_bag,vlcsnap-2022-08-06-14h23m24s998,1,,607.0,335.0,750.0,406.0,,0.0,0.17397010326385498,True,,100.7620960480676,model error,detected only below the operating threshold,,,
submission_640,best.pt,0.4847066402435303,missed_bag,vlcsnap-2022-08-06-14h23m24s998,2,,722.0,309.0,842.0,383.0,,0.0,0.11418551206588745,True,,94.23375191511798,model error,detected only below the operating threshold,,,
submission_640,best.pt,0.4847066402435303,missed_bag,vlcsnap-2022-08-06-14h23m24s998,3,,606.0,264.0,682.0,339.0,,0.0,0.04365202784538269,True,,75.49834435270749,model error,detected only below the operating threshold,,,
submission_640,best.pt,0.4847066402435303,missed_bag,vlcsnap-2022-08-06-14h24m03s864,0,,766.0,297.0,832.0,373.0,,0.0,0.19947507977485657,True,,70.8237248385031,model error,detected only below the operating threshold,,,
submission_640,best.pt,0.4847066402435303,missed_bag,vlcsnap-2022-08-06-14h24m03s864,1,,766.0,224.0,847.0,283.0,,0.0,0.149406298995018,True,,69.13031173081747,model error,detected only below the operating threshold,,,
submission_640,best.pt,0.4847066402435303,missed_bag,vlcsnap-2022-08-06-14h24m03s864,2,,245.0,300.0,472.0,477.0,,0.0,0.13864508271217346,True,,200.44700047643516,model error,detected only below the operating threshold,,,
submission_640,best.pt,0.4847066402435303,missed_bag,vlcsnap-2022-08-06-14h24m10s979,0,,588.0,406.0,683.0,554.0,,0.0,0.06530918180942535,True,,118.5748708622531,model error,detected only below the operating threshold,,,
submission_640,best.pt,0.4847066402435303,missed_bag,vlcsnap-2022-08-06-14h24m10s979,1,,121.0,268.0,247.0,409.0,,0.0,0.2085626721382141,True,,133.28915934913837,model error,detected only below the operating threshold,,,
submission_640,best.pt,0.4847066402435303,missed_bag,vlcsnap-2022-08-06-14h24m10s979,2,,304.0,326.0,459.0,490.0,,0.0,0.10991404950618744,True,,159.43650773897426,model error,detected only below the operating threshold,,,
submission_640,best.pt,0.4847066402435303,missed_bag,vlcsnap-2022-08-06-14h24m27s491,0,,141.0,297.0,282.0,423.0,,0.0,0.33614692091941833,True,,133.28915934913837,model error,detected only below the operating threshold,,,
submission_640,best.pt,0.4847066402435303,missed_bag,vlcsnap-2022-08-06-14h24m27s491,1,,559.0,380.0,651.0,474.0,,0.0,0.1949046552181244,True,,92.99462350050136,model error,detected only below the operating threshold,,,
submission_640,best.pt,0.4847066402435303,missed_bag,vlcsnap-2022-08-06-14h24m56s370,0,,515.0,362.0,667.0,475.0,,0.0,0.2592257857322693,True,,131.057239403247,model error,detected only below the operating threshold,,,
submission_640,best.pt,0.4847066402435303,missed_bag,vlcsnap-2022-08-06-14h24m56s370,1,,112.0,202.0,254.0,295.0,,0.0,0.1911335438489914,True,,114.91736161259533,model error,detected only below the operating threshold,,,
submission_640,best.pt,0.4847066402435303,missed_bag,vlcsnap-2022-08-06-14h24m56s370,2,,623.0,185.0,782.0,277.0,,0.0,0.21556131541728973,True,,120.94626906192683,model error,detected only below the operating threshold,,,
submission_640,best.pt,0.4847066402435303,missed_bag,vlcsnap-2022-08-06-14h25m25s579,0,,607.0,183.0,777.0,285.0,,0.0,0.2806032598018646,True,,131.68143377105218,model error,detected only below the operating threshold,,,
submission_640,best.pt,0.4847066402435303,missed_bag,vlcsnap-2022-08-06-14h25m25s579,1,,648.0,298.0,812.0,417.0,,0.0,0.33206334710121155,True,,139.69967788080257,model error,detected only below the operating threshold,,,
submission_640,best.pt,0.4847066402435303,missed_bag,vlcsnap-2022-08-06-14h25m25s579,2,,413.0,479.0,512.0,590.0,,0.0,0.24081897735595703,True,,104.82843125793688,model error,detected only below the operating threshold,,,
submission_640,best.pt,0.4847066402435303,missed_bag,vlcsnap-2022-08-06-14h25m25s579,3,,178.0,378.0,443.0,503.0,,0.0,0.09612874686717987,True,,182.00274723201295,model error,detected only below the operating threshold,,,
submission_640,best.pt,0.4847066402435303,missed_bag,vlcsnap-2022-08-06-14h25m47s446,0,,623.0,185.0,772.0,271.0,,0.0,0.21995609998703003,True,,113.19893992436502,model error,detected only below the operating threshold,,,
submission_640,best.pt,0.4847066402435303,missed_bag,vlcsnap-2022-08-06-14h25m47s446,1,,564.0,262.0,705.0,393.0,,0.0,0.26640886068344116,True,,135.9080571562996,model error,detected only below the operating threshold,,,
submission_640,best.pt,0.4847066402435303,missed_bag,vlcsnap-2022-08-06-14h25m47s446,2,,703.0,253.0,841.0,357.0,,0.0,0.26070111989974976,True,,119.7998330549755,model error,detected only below the operating threshold,,,
submission_640,best.pt,0.4847066402435303,missed_bag,vlcsnap-2022-08-06-14h25m47s446,3,,527.0,426.0,691.0,580.0,,0.0,0.009892234578728676,True,,158.92136420255144,model error,detected only below the operating threshold,,,
submission_640,best.pt,0.4847066402435303,missed_bag,vlcsnap-2022-08-06-14h25m48s610,0,,553.0,413.0,687.0,531.0,,0.0,0.024259736761450768,True,,125.7457752769452,model error,detected only below the operating threshold,,,
submission_640,best.pt,0.4847066402435303,missed_bag,vlcsnap-2022-08-06-14h25m48s610,1,,557.0,262.0,711.0,384.0,,0.0,0.16060149669647217,True,,137.0693255254435,model error,detected only below the operating threshold,,,
submission_640,best.pt,0.4847066402435303,missed_bag,vlcsnap-2022-08-06-14h25m48s610,2,,700.0,235.0,847.0,338.0,,0.0,0.24387195706367493,True,,123.04877081872861,model error,detected only below the operating threshold,,,
submission_640,best.pt,0.4847066402435303,missed_bag,vlcsnap-2022-08-06-14h25m48s610,3,,621.0,183.0,782.0,273.0,,0.0,0.1557074338197708,True,,120.37441588643328,model error,detected only below the operating threshold,,,
submission_640,best.pt,0.4847066402435303,missed_bag,vlcsnap-2022-08-06-14h26m01s118,0,,390.0,491.0,604.0,660.0,,0.0,0.22278735041618347,True,,190.17360489826132,model error,detected only below the operating threshold,,,
submission_640,best.pt,0.4847066402435303,missed_bag,vlcsnap-2022-08-06-14h26m01s118,1,,483.0,399.0,642.0,553.0,,0.0,0.14011652767658234,True,,156.48003067484362,model error,detected only below the operating threshold,,,
submission_640,best.pt,0.4847066402435303,missed_bag,vlcsnap-2022-08-06-14h26m01s118,2,,659.0,369.0,804.0,607.0,,0.0,0.33270949125289917,True,,185.7686733547936,model error,detected only below the operating threshold,,,
submission_640,best.pt,0.4847066402435303,missed_bag,vlcsnap-2022-08-06-14h26m01s118,3,,786.0,368.0,864.0,568.0,,0.0,0.07035982608795166,True,,124.89995996796796,model error,detected only below the operating threshold,,,
submission_640,best.pt,0.4847066402435303,missed_bag,vlcsnap-2022-08-06-14h27m33s533,0,,263.0,249.0,552.0,344.0,,0.0,0.010698983445763588,True,,165.6955038617524,model error,detected only below the operating threshold,,,
submission_640,best.pt,0.4847066402435303,missed_bag,vlcsnap-2022-08-06-14h27m33s533,1,,361.0,471.0,488.0,604.0,,0.0,0.008180944249033928,True,,129.96538000559994,model error,detected only below the operating threshold,,,
submission_640,best.pt,0.4847066402435303,missed_bag,vlcsnap-2022-08-06-14h27m33s533,2,,177.0,334.0,369.0,573.0,,0.0,0.2800132632255554,True,,214.21484542393415,model error,detected only below the operating threshold,,,
submission_640,best.pt,0.4847066402435303,missed_bag,vlcsnap-2022-08-06-14h29m40s086,0,,179.0,281.0,313.0,379.0,,0.0,0.10700109601020813,True,,114.5949388062143,model error,detected only below the operating threshold,,,
submission_640,best.pt,0.4847066402435303,missed_bag,vlcsnap-2022-08-06-14h29m40s086,1,,603.0,483.0,741.0,613.0,,0.0,0.113536536693573,True,,133.94028520202576,model error,detected only below the operating threshold,,,
submission_640,best.pt,0.4847066402435303,missed_bag,vlcsnap-2022-08-06-14h29m40s086,2,,360.0,368.0,476.0,562.0,,0.0,0.3426080346107483,True,,150.0133327407934,model error,detected only below the operating threshold,,,
submission_640,best.pt,0.4847066402435303,missed_bag,vlcsnap-2022-08-06-14h29m40s086,3,,458.0,420.0,610.0,620.0,,0.0,0.22989249229431152,True,,174.35595774162695,model error,detected only below the operating threshold,,,
submission_640,best.pt,0.4847066402435303,missed_bag,vlcsnap-2022-08-06-14h29m40s086,4,,559.0,371.0,706.0,494.0,,0.0,0.08619576692581177,True,,134.46560898608982,model error,detected only below the operating threshold,,,
submission_640,best.pt,0.4847066402435303,missed_bag,vlcsnap-2022-08-06-14h29m40s086,5,,594.0,183.0,757.0,237.0,,0.0,0.21509559452533722,True,,93.81897462667133,model error,detected only below the operating threshold,,,
submission_640,best.pt,0.4847066402435303,missed_bag,vlcsnap-2022-08-06-14h29m40s086,6,,709.0,250.0,828.0,318.0,,0.0,0.013507031835615635,True,,89.95554457619608,model error,detected only below the operating threshold,,,
submission_640,best.pt,0.4847066402435303,missed_bag,vlcsnap-2022-08-06-14h29m57s733,0,,167.0,377.0,329.0,554.0,,0.0,0.17593124508857727,True,,169.333989500041,model error,detected only below the operating threshold,,,
submission_640,best.pt,0.4847066402435303,missed_bag,vlcsnap-2022-08-06-14h29m57s733,1,,381.0,546.0,544.0,668.0,,0.0,0.010467085987329483,True,,141.01772938180503,model error,detected only below the operating threshold,,,
submission_640,best.pt,0.4847066402435303,missed_bag,vlcsnap-2022-08-06-14h29m57s733,2,,681.0,304.0,830.0,467.0,,0.0,0.01594093069434166,True,,155.8428695834365,model error,detected only below the operating threshold,,,
submission_640,best.pt,0.4847066402435303,missed_bag,vlcsnap-2022-08-06-14h29m57s733,3,,166.0,309.0,299.0,402.0,,0.0,0.14727915823459625,True,,111.2160060422959,model error,detected only below the operating threshold,,,
submission_640,best.pt,0.4847066402435303,missed_bag,vlcsnap-2022-08-06-14h29m57s733,4,,588.0,182.0,747.0,235.0,,0.0,0.19676357507705688,True,,91.7986928011505,model error,detected only below the operating threshold,,,
submission_640,best.pt,0.4847066402435303,missed_bag,vlcsnap-2022-08-06-14h31m45s907,0,,630.0,376.0,744.0,489.0,,0.0,0.3139794170856476,True,,113.49889867307083,model error,detected only below the operating threshold,,,
submission_640,best.pt,0.4847066402435303,missed_bag,vlcsnap-2022-08-06-14h31m45s907,1,,546.0,448.0,666.0,570.0,,0.0,0.19991394877433777,True,,120.9958676980334,model error,detected only below the operating threshold,,,
submission_640,best.pt,0.4847066402435303,missed_bag,vlcsnap-2022-08-06-14h31m45s907,2,,414.0,438.0,548.0,544.0,,0.0,0.08265775442123413,True,,119.18053532351665,model error,detected only below the operating threshold,,,
submission_640,best.pt,0.4847066402435303,missed_bag,vlcsnap-2022-08-06-14h31m45s907,3,,253.0,303.0,388.0,388.0,,0.0,0.10212051868438721,True,,107.12142642814275,model error,detected only below the operating threshold,,,
submission_640,best.pt,0.4847066402435303,missed_bag,vlcsnap-2022-08-06-14h31m45s907,4,,322.0,497.0,401.0,562.0,,0.0,0.005881753750145435,True,,71.65891430938652,model error,detected only below the operating threshold,,,
submission_640,best.pt,0.4847066402435303,missed_bag,vlcsnap-2022-08-06-14h31m53s113,0,,431.0,498.0,524.0,606.0,,0.0,0.010234106332063675,True,,100.2197585309404,model error,detected only below the operating threshold,,,
submission_640,best.pt,0.4847066402435303,missed_bag,vlcsnap-2022-08-06-14h31m53s113,1,,485.0,521.0,673.0,612.0,,0.0,0.10751199722290039,True,,130.79755349393963,model error,detected only below the operating threshold,,,
submission_640,best.pt,0.4847066402435303,missed_bag,vlcsnap-2022-08-06-14h32m07s598,0,,310.0,423.0,505.0,556.0,,0.0,0.20167210698127747,True,,161.04347239177378,model error,detected only below the operating threshold,,,
submission_640,best.pt,0.4847066402435303,missed_bag,vlcsnap-2022-08-06-14h32m07s598,1,,486.0,496.0,688.0,611.0,,0.0,0.25478169322013855,True,,152.41391012633986,model error,detected only below the operating threshold,,,
submission_640,best.pt,0.4847066402435303,missed_bag,vlcsnap-2022-08-06-14h32m07s598,2,,347.0,320.0,419.0,429.0,,0.0,0.05505106598138809,True,,88.58893836140041,model error,detected only below the operating threshold,,,
submission_640,best.pt,0.4847066402435303,missed_bag,vlcsnap-2022-08-06-14h34m30s394,0,,541.0,181.0,649.0,301.0,,0.0,0.10921365022659302,True,,113.84199576606166,model error,detected only below the operating threshold,,,
submission_640,best.pt,0.4847066402435303,missed_bag,vlcsnap-2022-08-06-14h34m30s394,1,,706.0,315.0,941.0,526.0,,0.0,0.25946104526519775,True,,222.6768959726177,model error,detected only below the operating threshold,,,
submission_640,best.pt,0.4847066402435303,missed_bag,vlcsnap-2022-08-06-14h34m30s394,2,,649.0,301.0,766.0,391.0,,0.0,0.2115512192249298,True,,102.61578825892242,model error,detected only below the operating threshold,,,
submission_640,best.pt,0.4847066402435303,missed_bag,vlcsnap-2022-08-06-14h34m31s712,0,,545.0,185.0,653.0,308.0,,0.0,0.24895194172859192,True,,115.25623627379127,model error,detected only below the operating threshold,,,
submission_640,best.pt,0.4847066402435303,missed_bag,vlcsnap-2022-08-06-14h34m31s712,1,,422.0,349.0,624.0,522.0,,0.0,0.2729942202568054,True,,186.93849255838134,model error,detected only below the operating threshold,,,
submission_640,best.pt,0.4847066402435303,missed_bag,vlcsnap-2022-08-06-14h34m59s995,0,,168.0,177.0,356.0,352.0,,0.0,0.2099076509475708,True,,181.38357147217053,model error,detected only below the operating threshold,,,
submission_640,best.pt,0.4847066402435303,missed_bag,vlcsnap-2022-08-06-14h34m59s995,1,,606.0,349.0,844.0,450.0,,0.0,0.1135796383023262,True,,155.04192981255102,model error,detected only below the operating threshold,,,
submission_640,best.pt,0.4847066402435303,missed_bag,vlcsnap-2022-08-06-14h34m59s995,2,,547.0,183.0,658.0,305.0,,0.0,0.259607195854187,True,,116.37009925234231,model error,detected only below the operating threshold,,,
submission_640,best.pt,0.4847066402435303,missed_bag,vlcsnap-2022-08-06-14h35m26s423,0,,553.0,188.0,639.0,310.0,,0.0,0.16020074486732483,True,,102.43046421841503,model error,detected only below the operating threshold,,,
submission_640,best.pt,0.4847066402435303,missed_bag,vlcsnap-2022-08-06-14h35m26s423,1,,230.0,409.0,417.0,618.0,,0.0,0.23308508098125458,True,,197.6942083117257,model error,detected only below the operating threshold,,,
submission_640,best.pt,0.4847066402435303,missed_bag,vlcsnap-2022-08-06-14h35m26s423,2,,178.0,160.0,379.0,327.0,,0.0,0.2999018430709839,True,,183.2129908057832,model error,detected only below the operating threshold,,,
submission_640,best.pt,0.4847066402435303,missed_bag,vlcsnap-2022-08-06-14h35m47s055,0,,469.0,544.0,558.0,617.0,,0.0,0.24271175265312195,True,,80.60397012554654,model error,detected only below the operating threshold,,,
submission_640,best.pt,0.4847066402435303,missed_bag,vlcsnap-2022-08-06-14h35m47s055,1,,727.0,311.0,788.0,371.0,,0.0,0.17306789755821228,True,,60.4979338490167,model error,detected only below the operating threshold,,,
submission_640,best.pt,0.4847066402435303,missed_bag,vlcsnap-2022-08-06-14h35m47s055,2,,183.0,165.0,359.0,379.0,,0.0,0.3486020863056183,True,,194.07215153133126,model error,detected only below the operating threshold,,,
submission_640,best.pt,0.4847066402435303,missed_bag,vlcsnap-2022-08-06-14h35m47s055,3,,416.0,334.0,518.0,430.0,,0.0,0.020667865872383118,True,,98.95453501482385,model error,detected only below the operating threshold,,,
submission_640,best.pt,0.4847066402435303,missed_bag,vlcsnap-2022-08-06-14h37m24s604,0,,199.0,176.0,365.0,367.0,,0.0,0.312550812959671,True,,178.06178702910964,model error,detected only below the operating threshold,,,
submission_640,best.pt,0.4847066402435303,missed_bag,vlcsnap-2022-08-06-14h37m24s604,1,,261.0,429.0,441.0,590.0,,0.0,0.2313610017299652,True,,170.23513150933329,model error,detected only below the operating threshold,,,
submission_640,best.pt,0.4847066402435303,missed_bag,vlcsnap-2022-08-06-14h37m24s604,2,,483.0,529.0,650.0,615.0,,0.0,0.10545873641967773,True,,119.8415620725965,model error,detected only below the operating threshold,,,
submission_640,best.pt,0.4847066402435303,missed_bag,vlcsnap-2022-08-06-14h37m24s604,3,,453.0,428.0,618.0,549.0,,0.0,0.26599493622779846,True,,141.2975583653164,model error,detected only below the operating threshold,,,
submission_640,best.pt,0.4847066402435303,missed_bag,vlcsnap-2022-08-06-14h37m24s604,4,,578.0,388.0,685.0,516.0,,0.0,0.3024866580963135,True,,117.02991070662235,model error,detected only below the operating threshold,,,
submission_640,best.pt,0.4847066402435303,missed_bag,vlcsnap-2022-08-06-14h37m24s604,5,,657.0,414.0,776.0,552.0,,0.0,0.40228545665740967,True,,128.1483515305601,model error,detected only below the operating threshold,,,
submission_640,best.pt,0.4847066402435303,missed_bag,vlcsnap-2022-08-06-14h37m24s604,6,,558.0,179.0,704.0,259.0,,0.0,0.19492241740226746,True,,108.07404868885037,model error,detected only below the operating threshold,,,
submission_640,best.pt,0.4847066402435303,missed_bag,vlcsnap-2022-08-06-14h37m24s604,7,,782.0,226.0,850.0,294.0,,0.0,0.1305420994758606,True,,68.0,model error,detected only below the operating threshold,,,
submission_640,best.pt,0.4847066402435303,missed_bag,vlcsnap-2022-08-06-14h37m24s604,8,,682.0,210.0,800.0,305.0,,0.0,0.16102685034275055,True,,105.8772874605314,model error,detected only below the operating threshold,,,
submission_640,best.pt,0.4847066402435303,missed_bag,vlcsnap-2022-08-06-14h37m38s872,0,,206.0,191.0,375.0,391.0,,0.0,0.21649467945098877,True,,183.84776310850236,model error,detected only below the operating threshold,,,
submission_640,best.pt,0.4847066402435303,missed_bag,vlcsnap-2022-08-06-14h37m38s872,1,,562.0,173.0,705.0,262.0,,0.0,0.1533195674419403,True,,112.81400622263178,model error,detected only below the operating threshold,,,
submission_640,best.pt,0.4847066402435303,missed_bag,vlcsnap-2022-08-06-14h37m38s872,2,,688.0,210.0,789.0,286.0,,0.0,0.10994021594524384,True,,87.61278445523804,model error,detected only below the operating threshold,,,
submission_640,best.pt,0.4847066402435303,missed_bag,vlcsnap-2022-08-06-14h37m55s961,0,,201.0,185.0,379.0,393.0,,0.0,0.24190954864025116,True,,192.4162155328911,model error,detected only below the operating threshold,,,
submission_640,best.pt,0.4847066402435303,missed_bag,vlcsnap-2022-08-06-14h37m55s961,1,,500.0,499.0,668.0,621.0,,0.0,0.028494998812675476,True,,143.16424134538624,model error,detected only below the operating threshold,,,
submission_640,best.pt,0.4847066402435303,missed_bag,vlcsnap-2022-08-06-14h38m18s161,0,,210.0,190.0,364.0,405.0,,0.0,0.26358872652053833,True,,181.96153439669604,model error,detected only below the operating threshold,,,
submission_640,best.pt,0.4847066402435303,missed_bag,vlcsnap-2022-08-06-14h38m18s161,1,,560.0,179.0,715.0,267.0,,0.0,0.27023252844810486,True,,116.79041056525146,model error,detected only below the operating threshold,,,
submission_640,best.pt,0.4847066402435303,missed_bag,vlcsnap-2022-08-06-14h38m18s161,2,,470.0,440.0,647.0,590.0,,0.0,0.26951533555984497,True,,162.94170736800322,model error,detected only below the operating threshold,,,
submission_640,best.pt,0.4847066402435303,missed_bag,vlcsnap-2022-08-06-14h38m18s161,3,,307.0,385.0,476.0,557.0,,0.0,0.18831849098205566,True,,170.493401631852,model error,detected only below the operating threshold,,,
submission_640,best.pt,0.4847066402435303,missed_bag,vlcsnap-2022-08-06-14h38m52s340,0,,212.0,185.0,393.0,379.0,,0.0,0.21111264824867249,True,,187.38729946290383,model error,detected only below the operating threshold,,,
submission_640,best.pt,0.4847066402435303,missed_bag,vlcsnap-2022-08-06-14h38m52s340,1,,419.0,490.0,524.0,607.0,,0.0,0.2633066773414612,True,,110.83771921146699,model error,detected only below the operating threshold,,,
submission_640,best.pt,0.4847066402435303,missed_bag,vlcsnap-2022-08-06-14h38m52s340,2,,516.0,454.0,649.0,610.0,,0.0,0.30740705132484436,True,,144.0416606402467,model error,detected only below the operating threshold,,,
submission_640,best.pt,0.4847066402435303,missed_bag,vlcsnap-2022-08-06-14h38m54s715,0,,517.0,454.0,651.0,603.0,,0.03004864789545536,0.39211058616638184,True,,141.30109695257147,model error,detected only below the operating threshold,,,
submission_640,best.pt,0.4847066402435303,missed_bag,vlcsnap-2022-08-06-14h38m54s715,2,,559.0,180.0,712.0,275.0,,0.0,0.32699137926101685,True,,120.56118778446071,model error,detected only below the operating threshold,,,
submission_640,best.pt,0.4847066402435303,missed_bag,vlcsnap-2022-08-06-14h38m54s715,3,,212.0,197.0,391.0,382.0,,0.0,0.2228836715221405,True,,181.9752730455432,model error,detected only below the operating threshold,,,
submission_640,best.pt,0.4847066402435303,missed_bag,vlcsnap-2022-08-06-14h38m57s284,0,,206.0,191.0,385.0,368.0,,0.0,0.30320340394973755,True,,177.9971909890715,model error,detected only below the operating threshold,,,
submission_640,best.pt,0.4847066402435303,missed_bag,vlcsnap-2022-08-06-14h38m57s284,1,,429.0,478.0,523.0,604.0,,0.0,0.3210163712501526,True,,108.83014288330233,model error,detected only below the operating threshold,,,
submission_640,best.pt,0.4847066402435303,missed_bag,vlcsnap-2022-08-06-14h38m57s284,2,,511.0,448.0,641.0,599.0,,0.0,0.3913763165473938,True,,140.10710188994705,model error,detected only below the operating threshold,,,
submission_640,best.pt,0.4847066402435303,missed_bag,vlcsnap-2022-08-06-14h38m57s284,3,,567.0,179.0,711.0,273.0,,0.0,0.26703253388404846,True,,116.34431657799189,model error,detected only below the operating threshold,,,
submission_640,best.pt,0.4847066402435303,missed_bag,vlcsnap-2022-08-06-14h39m38s058,0,,789.0,173.0,885.0,249.0,,0.0,0.245973140001297,True,,85.41662601625049,model error,detected only below the operating threshold,,,
submission_640,best.pt,0.4847066402435303,missed_bag,vlcsnap-2022-08-06-14h39m38s058,1,,566.0,177.0,707.0,271.0,,0.0,0.28987371921539307,True,,115.12601791080937,model error,detected only below the operating threshold,,,
submission_640,best.pt,0.4847066402435303,missed_bag,vlcsnap-2022-08-06-14h39m38s058,2,,248.0,346.0,425.0,543.0,,0.0,0.10756605863571167,True,,186.73242889225213,model error,detected only below the operating threshold,,,
submission_640,best.pt,0.4847066402435303,missed_bag,vlcsnap-2022-08-06-14h52m36s868,0,,715.0,223.0,879.0,297.0,,0.0,0.03895871341228485,True,,110.16351483136329,model error,detected only below the operating threshold,,,
submission_640,best.pt,0.4847066402435303,missed_bag,vlcsnap-2022-08-06-14h52m36s868,1,,735.0,168.0,897.0,232.0,,0.0,0.2612122893333435,True,,101.82337649086284,model error,detected only below the operating threshold,,,
submission_640,best.pt,0.4847066402435303,missed_bag,vlcsnap-2022-08-06-14h52m36s868,2,,555.0,180.0,709.0,262.0,,0.0,0.16198553144931793,True,,112.37437430304117,model error,detected only below the operating threshold,,,
submission_640,best.pt,0.4847066402435303,missed_bag,vlcsnap-2022-08-06-14h52m36s868,3,,486.0,402.0,629.0,570.0,,0.0,0.2208588570356369,True,,154.9967741599805,model error,detected only below the operating threshold,,,
submission_640,best.pt,0.4847066402435303,missed_bag,vlcsnap-2022-08-06-14h52m36s868,4,,391.0,350.0,512.0,461.0,,0.0,0.39430809020996094,True,,115.89219128138012,model error,detected only below the operating threshold,,,
submission_640,best.pt,0.4847066402435303,missed_bag,vlcsnap-2022-08-06-14h52m36s868,5,,144.0,261.0,225.0,348.0,,0.0,0.06732824444770813,True,,83.94641147779933,model error,detected only below the operating threshold,,,
submission_640,best.pt,0.4847066402435303,missed_bag,vlcsnap-2022-08-06-14h52m36s868,6,,676.0,303.0,850.0,464.0,,0.0,0.043761882930994034,True,,167.37383308032352,model error,detected only below the operating threshold,,,
submission_640,best.pt,0.4847066402435303,missed_bag,vlcsnap-2022-08-06-14h52m57s541,0,,712.0,248.0,882.0,332.0,,0.0,0.00874219462275505,True,,119.49895397031725,model error,detected only below the operating threshold,,,
submission_640,best.pt,0.4847066402435303,missed_bag,vlcsnap-2022-08-06-14h52m57s541,1,,561.0,179.0,690.0,257.0,,0.0,0.3421928286552429,True,,100.30952098380293,model error,detected only below the operating threshold,,,
submission_640,best.pt,0.4847066402435303,missed_bag,vlcsnap-2022-08-06-14h52m57s541,2,,729.0,133.0,898.0,241.0,,0.0,0.22056257724761963,True,,135.09996299037243,model error,detected only below the operating threshold,,,
submission_640,best.pt,0.4847066402435303,missed_bag,vlcsnap-2022-08-06-14h52m57s541,3,,509.0,408.0,705.0,602.0,,0.0,0.1801603138446808,True,,194.99743588057768,model error,detected only below the operating threshold,,,
submission_640,best.pt,0.4847066402435303,missed_bag,vlcsnap-2022-08-06-14h52m57s541,4,,209.0,193.0,354.0,381.0,,0.0,0.4107086956501007,True,,165.10602654052335,model error,detected only below the operating threshold,,,
submission_640,best.pt,0.4847066402435303,missed_bag,vlcsnap-2022-08-06-14h55m04s779,0,,531.0,497.0,722.0,619.0,,0.0,0.25341951847076416,True,,152.64992630198026,model error,detected only below the operating threshold,,,
submission_640,best.pt,0.4847066402435303,missed_bag,vlcsnap-2022-08-06-14h55m04s779,1,,197.0,292.0,380.0,519.0,,0.0,0.2404392659664154,True,,203.8160935745752,model error,detected only below the operating threshold,,,
submission_640,best.pt,0.4847066402435303,missed_bag,vlcsnap-2022-08-06-14h55m12s950,0,,197.0,292.0,360.0,453.0,,0.0,0.2521267831325531,True,,161.99691355084516,model error,detected only below the operating threshold,,,
submission_640,best.pt,0.4847066402435303,missed_bag,vlcsnap-2022-08-06-14h55m12s950,1,,578.0,392.0,655.0,479.0,,0.0,0.024573352187871933,True,,81.84741901856161,model error,detected only below the operating threshold,,,
submission_640,best.pt,0.4847066402435303,missed_bag,vlcsnap-2022-08-06-14h55m12s950,2,,654.0,405.0,796.0,530.0,,0.0,0.18831641972064972,True,,133.22912594474226,model error,detected only below the operating threshold,,,
submission_640,best.pt,0.4847066402435303,missed_bag,vlcsnap-2022-08-06-14h55m12s950,3,,651.0,143.0,912.0,276.0,,0.0,0.3504115343093872,True,,186.31425066269085,model error,detected only below the operating threshold,,,
submission_640,best.pt,0.4847066402435303,missed_bag,vlcsnap-2022-08-06-14h56m44s771,0,,658.0,154.0,918.0,277.0,,0.0,0.22634977102279663,True,,178.8295277631745,model error,detected only below the operating threshold,,,
submission_640,best.pt,0.4847066402435303,missed_bag,vlcsnap-2022-08-06-14h56m44s771,1,,544.0,178.0,664.0,278.0,,0.0,0.21583954989910126,True,,109.54451150103323,model error,detected only below the operating threshold,,,
submission_640,best.pt,0.4847066402435303,missed_bag,vlcsnap-2022-08-06-14h56m44s771,2,,640.0,331.0,721.0,517.0,,0.0,0.012983901426196098,True,,122.74363527287271,model error,detected only below the operating threshold,,,
submission_640,best.pt,0.4847066402435303,missed_bag,vlcsnap-2022-08-06-14h56m44s771,3,,368.0,426.0,507.0,602.0,,0.0,0.1318073570728302,True,,156.40971836813722,model error,detected only below the operating threshold,,,
submission_640,best.pt,0.4847066402435303,missed_bag,vlcsnap-2022-08-06-14h58m08s923,0,,578.0,252.0,721.0,341.0,,0.0,0.1476549208164215,True,,112.81400622263178,model error,detected only below the operating threshold,,,
submission_640,best.pt,0.4847066402435303,missed_bag,vlcsnap-2022-08-06-14h58m08s923,1,,175.0,221.0,354.0,410.0,,0.0,0.2626732587814331,True,,183.93205267163196,model error,detected only below the operating threshold,,,
submission_640,best.pt,0.4847066402435303,missed_bag,vlcsnap-2022-08-06-14h59m18s464,0,,575.0,258.0,707.0,335.0,,0.0,0.1380370706319809,True,,100.81666528902848,model error,detected only below the operating threshold,,,
submission_640,best.pt,0.4847066402435303,missed_bag,vlcsnap-2022-08-06-14h59m18s464,1,,598.0,378.0,801.0,562.0,,0.0,0.2411426305770874,True,,193.26665516844855,model error,detected only below the operating threshold,,,
submission_640,best.pt,0.4847066402435303,missed_bag,vlcsnap-2022-08-06-14h59m18s464,2,,698.0,317.0,840.0,429.0,,0.0,0.25312474370002747,True,,126.11106216347557,model error,detected only below the operating threshold,,,
submission_640,best.pt,0.4847066402435303,missed_bag,vlcsnap-2022-08-06-14h59m55s304,0,,346.0,377.0,478.0,529.0,,0.0,0.21230179071426392,True,,141.6474496770062,model error,detected only below the operating threshold,,,
submission_640,best.pt,0.4847066402435303,missed_bag,vlcsnap-2022-08-06-14h59m55s304,1,,223.0,357.0,360.0,492.0,,0.0,0.09738942980766296,True,,135.99632347971763,model error,detected only below the operating threshold,,,
submission_640,best.pt,0.4847066402435303,missed_bag,vlcsnap-2022-08-06-14h59m55s304,2,,256.0,301.0,434.0,411.0,,0.0,0.26820528507232666,True,,139.92855319769444,model error,detected only below the operating threshold,,,
submission_640,best.pt,0.4847066402435303,missed_bag,vlcsnap-2022-08-06-15h00m01s244,0,,671.0,383.0,902.0,629.0,,0.0,0.07644685357809067,True,,238.38204630382717,model error,detected only below the operating threshold,,,
submission_640,best.pt,0.4847066402435303,missed_bag,vlcsnap-2022-08-06-15h00m01s244,1,,430.0,474.0,573.0,592.0,,0.0,0.21268504858016968,True,,129.89996150884727,model error,detected only below the operating threshold,,,
submission_640,best.pt,0.4847066402435303,missed_bag,vlcsnap-2022-08-06-15h00m01s244,2,,347.0,200.0,473.0,326.0,,0.0,0.16295784711837769,True,,126.0,model error,detected only below the operating threshold,,,
submission_640,best.pt,0.4847066402435303,missed_bag,vlcsnap-2022-08-06-15h00m09s541,0,,622.0,212.0,879.0,354.0,,0.0,0.3010060787200928,True,,191.0340283823801,model error,detected only below the operating threshold,,,
submission_640,best.pt,0.4847066402435303,missed_bag,vlcsnap-2022-08-06-15h00m09s541,1,,644.0,338.0,827.0,447.0,,0.0,0.01506362110376358,True,,141.23384863410047,model error,detected only below the operating threshold,,,
submission_640,best.pt,0.4847066402435303,missed_bag,vlcsnap-2022-08-06-15h00m35s018,0,,577.0,393.0,722.0,541.0,,0.0,0.2694488763809204,True,,146.4923206178399,model error,detected only below the operating threshold,,,
submission_640,best.pt,0.4847066402435303,missed_bag,vlcsnap-2022-08-06-15h02m00s105,0,,664.0,178.0,866.0,304.0,,0.0,0.04577651619911194,True,,159.53682960369997,model error,detected only below the operating threshold,,,
submission_640,best.pt,0.4847066402435303,missed_bag,vlcsnap-2022-08-06-15h02m00s105,1,,416.0,489.0,587.0,648.0,,0.0,0.3579835891723633,True,,164.89087300393555,model error,detected only below the operating threshold,,,
submission_640,best.pt,0.4847066402435303,missed_bag,vlcsnap-2022-08-06-15h02m00s105,2,,517.0,428.0,662.0,546.0,,0.0,0.36733299493789673,True,,130.80519867344722,model error,detected only below the operating threshold,,,
submission_640,best.pt,0.4847066402435303,missed_bag,vlcsnap-2022-08-06-15h02m00s105,3,,493.0,292.0,568.0,469.0,,0.0,0.022577831521630287,True,,115.21718621802913,model error,detected only below the operating threshold,,,
submission_640,best.pt,0.4847066402435303,missed_bag,vlcsnap-2022-08-06-15h02m00s105,4,,660.0,306.0,901.0,563.0,,0.0,0.276310533285141,True,,248.8714527622644,model error,detected only below the operating threshold,,,
submission_640,best.pt,0.4847066402435303,missed_bag,vlcsnap-2022-08-06-15h02m00s105,5,,203.0,205.0,296.0,274.0,,0.0,0.07216455787420273,True,,80.10617953691214,model error,detected only below the operating threshold,,,
submission_640,best.pt,0.4847066402435303,missed_bag,vlcsnap-2022-08-06-15h02m00s105,6,,369.0,251.0,454.0,322.0,,0.0,0.3210783004760742,True,,77.68526243760782,model error,detected only below the operating threshold,,,
submission_640,best.pt,0.4847066402435303,missed_bag,vlcsnap-2022-08-06-15h02m00s105,7,,318.0,266.0,391.0,332.0,,0.0,0.010279609821736813,True,,69.4118145563131,model error,detected only below the operating threshold,,,
submission_640,best.pt,0.4847066402435303,missed_bag,vlcsnap-2022-08-06-15h03m50s971,0,,252.0,437.0,343.0,498.0,,0.0,0.06254617869853973,True,,74.50503338701353,model error,detected only below the operating threshold,,,
submission_640,best.pt,0.4847066402435303,missed_bag,vlcsnap-2022-08-06-15h03m50s971,1,,328.0,426.0,572.0,623.0,,0.0,0.13472884893417358,True,,219.24415613648634,model error,detected only below the operating threshold,,,
submission_640,best.pt,0.4847066402435303,missed_bag,vlcsnap-2022-08-06-15h03m50s971,2,,299.0,241.0,432.0,331.0,,0.0,0.13177436590194702,True,,109.40749517286281,model error,detected only below the operating threshold,,,
submission_640,best.pt,0.4847066402435303,missed_bag,vlcsnap-2022-08-06-15h03m50s971,3,,238.0,343.0,429.0,432.0,,0.0,0.24986088275909424,True,,130.3802132227126,model error,detected only below the operating threshold,,,
submission_640,best.pt,0.4847066402435303,missed_bag,vlcsnap-2022-08-06-15h04m17s377,1,,253.0,267.0,385.0,398.0,,0.05177533999085426,0.4302241802215576,True,,131.4990494262221,model error,detected only below the operating threshold,,,
submission_640,best.pt,0.4847066402435303,missed_bag,vlcsnap-2022-08-06-15h04m17s377,2,,687.0,216.0,803.0,346.0,,0.0,0.11416427791118622,True,,122.80065146407001,model error,detected only below the operating threshold,,,
submission_640,best.pt,0.4847066402435303,missed_bag,vlcsnap-2022-08-06-15h04m29s649,0,,657.0,314.0,795.0,407.0,,0.0,0.21399179100990295,True,,113.28724553099524,model error,detected only below the operating threshold,,,
submission_640,best.pt,0.4847066402435303,missed_bag,vlcsnap-2022-08-06-15h04m29s649,1,,494.0,447.0,663.0,621.0,,0.0,0.3509869873523712,True,,171.48177745754796,model error,detected only below the operating threshold,,,
submission_640,best.pt,0.4847066402435303,missed_bag,vlcsnap-2022-08-06-15h04m29s649,2,,400.0,488.0,508.0,608.0,,0.0,0.2524965703487396,True,,113.84199576606166,model error,detected only below the operating threshold,,,
submission_640,best.pt,0.4847066402435303,missed_bag,vlcsnap-2022-08-06-15h04m29s649,3,,359.0,471.0,437.0,578.0,,0.0,0.11422162503004074,True,,91.35644476444998,model error,detected only below the operating threshold,,,
submission_640,best.pt,0.4847066402435303,missed_bag,vlcsnap-2022-08-06-15h05m03s489,0,,268.0,204.0,432.0,317.0,,0.0,0.07214237749576569,True,,136.13228860193308,model error,detected only below the operating threshold,,,
submission_640,best.pt,0.4847066402435303,missed_bag,vlcsnap-2022-08-06-15h05m03s489,1,,583.0,186.0,697.0,278.0,,0.0,0.21669244766235352,True,,102.41093691593686,model error,detected only below the operating threshold,,,
submission_640,best.pt,0.4847066402435303,missed_bag,vlcsnap-2022-08-06-15h06m19s475,0,,188.0,314.0,333.0,397.0,,0.0,0.28782227635383606,True,,109.70414759707128,model error,detected only below the operating threshold,,,
submission_640,best.pt,0.4847066402435303,missed_bag,vlcsnap-2022-08-06-15h06m19s475,1,,444.0,433.0,645.0,616.0,,0.0,0.18458151817321777,True,,191.78894650109532,model error,detected only below the operating threshold,,,
submission_640,best.pt,0.4847066402435303,missed_bag,vlcsnap-2022-08-06-15h06m36s646,0,,450.0,437.0,558.0,603.0,,0.0,0.2564049959182739,True,,133.89548162652838,model error,detected only below the operating threshold,,,
submission_640,best.pt,0.4847066402435303,missed_bag,vlcsnap-2022-08-06-15h06m36s646,1,,670.0,402.0,793.0,516.0,,0.0,0.33846014738082886,True,,118.4145261359433,model error,detected only below the operating threshold,,,
submission_640,best.pt,0.4847066402435303,missed_bag,vlcsnap-2022-08-06-15h06m36s646,2,,523.0,358.0,720.0,591.0,,0.0,0.03657517954707146,True,,214.24518664371436,model error,detected only below the operating threshold,,,
submission_640,best.pt,0.4847066402435303,missed_bag,vlcsnap-2022-08-06-15h07m57s244,0,,334.0,328.0,487.0,429.0,,0.0,0.2606239914894104,True,,124.31009613060397,model error,detected only below the operating threshold,,,
submission_640,best.pt,0.4847066402435303,missed_bag,vlcsnap-2022-08-06-15h08m25s980,0,,447.0,478.0,592.0,618.0,,0.0,0.2044323980808258,True,,142.47806848775008,model error,detected only below the operating threshold,,,
submission_640,best.pt,0.4847066402435303,missed_bag,vlcsnap-2022-08-06-15h08m25s980,1,,359.0,258.0,442.0,342.0,,0.0,0.23393192887306213,True,,83.4985029805924,model error,detected only below the operating threshold,,,
submission_640,best.pt,0.4847066402435303,missed_bag,vlcsnap-2022-08-06-15h09m39s692,0,,345.0,471.0,507.0,604.0,,0.0,0.2175435572862625,True,,146.78555787270082,model error,detected only below the operating threshold,,,
submission_640,best.pt,0.4847066402435303,missed_bag,vlcsnap-2022-08-06-15h09m39s692,1,,449.0,481.0,655.0,629.0,,0.0,0.18741923570632935,True,,174.6081326857372,model error,detected only below the operating threshold,,,
submission_640,best.pt,0.4847066402435303,missed_bag,vlcsnap-2022-08-06-15h09m39s692,2,,479.0,379.0,615.0,494.0,,0.0,0.4205944240093231,True,,125.05998560690786,model error,detected only below the operating threshold,,,
submission_640,best.pt,0.4847066402435303,missed_bag,vlcsnap-2022-08-06-15h09m39s692,3,,619.0,393.0,728.0,616.0,,0.0,0.05265115946531296,True,,155.90702357494996,model error,detected only below the operating threshold,,,
submission_640,best.pt,0.4847066402435303,missed_bag,vlcsnap-2022-08-06-15h09m39s692,4,,570.0,189.0,709.0,352.0,,0.0,0.138056218624115,True,,150.52242357868147,model error,detected only below the operating threshold,,,
submission_640,best.pt,0.4847066402435303,missed_bag,vlcsnap-2022-08-06-15h10m00s075,0,,565.0,278.0,683.0,397.0,,0.0,0.00964126456528902,True,,118.49894514298428,model error,detected only below the operating threshold,,,
submission_640,best.pt,0.4847066402435303,missed_bag,vlcsnap-2022-08-06-15h10m00s075,1,,635.0,329.0,720.0,399.0,,0.0,0.02918078564107418,True,,77.13624310270757,model error,detected only below the operating threshold,,,
submission_640,best.pt,0.4847066402435303,missed_bag,vlcsnap-2022-08-06-15h10m00s075,2,,584.0,491.0,680.0,582.0,,0.0,0.052135199308395386,True,,93.46657156438339,model error,detected only below the operating threshold,,,
submission_640,best.pt,0.4847066402435303,missed_bag,vlcsnap-2022-08-06-15h10m00s075,3,,522.0,559.0,623.0,613.0,,0.0,0.054789938032627106,True,,73.85120175054702,model error,detected only below the operating threshold,,,
submission_640,best.pt,0.4847066402435303,missed_bag,vlcsnap-2022-08-06-15h10m00s075,4,,494.0,499.0,588.0,572.0,,0.0,0.166641503572464,True,,82.83718971573094,model error,detected only below the operating threshold,,,
submission_640,best.pt,0.4847066402435303,missed_bag,vlcsnap-2022-08-06-15h10m00s075,5,,458.0,453.0,537.0,526.0,,0.0,0.18610960245132446,True,,75.94076639065476,model error,detected only below the operating threshold,,,
submission_640,best.pt,0.4847066402435303,missed_bag,vlcsnap-2022-08-06-15h10m00s075,6,,397.0,539.0,508.0,612.0,,0.0,0.2794108986854553,True,,90.0166651237425,model error,detected only below the operating threshold,,,
submission_640,best.pt,0.4847066402435303,missed_bag,vlcsnap-2022-08-06-15h10m00s075,7,,397.0,497.0,479.0,546.0,,0.0,0.03291815519332886,True,,63.387695966961914,model error,detected only below the operating threshold,,,
submission_640,best.pt,0.4847066402435303,missed_bag,vlcsnap-2022-08-06-15h10m04s811,0,,387.0,464.0,547.0,613.0,,0.0,0.11379486322402954,True,,154.40207252495026,model error,detected only below the operating threshold,,,
submission_640,best.pt,0.4847066402435303,missed_bag,vlcsnap-2022-08-06-15h10m16s378,0,,614.0,234.0,800.0,334.0,,0.0,0.25140389800071716,True,,136.38181696985856,model error,detected only below the operating threshold,,,
submission_640,best.pt,0.4847066402435303,missed_bag,vlcsnap-2022-08-06-15h10m16s378,1,,423.0,449.0,562.0,616.0,,0.0,0.20884421467781067,True,,152.35813073151036,model error,detected only below the operating threshold,,,
submission_640,best.pt,0.4847066402435303,missed_bag,vlcsnap-2022-08-06-15h10m16s378,2,,254.0,398.0,404.0,547.0,,0.0,0.3046424388885498,True,,149.49916387726054,model error,detected only below the operating threshold,,,
submission_640,best.pt,0.4847066402435303,missed_bag,vlcsnap-2022-08-06-15h10m16s378,3,,149.0,244.0,278.0,373.0,,0.0,0.23179134726524353,True,,129.0,model error,detected only below the operating threshold,,,
submission_640,best.pt,0.4847066402435303,missed_bag,vlcsnap-2022-08-06-15h10m52s163,0,,701.0,181.0,817.0,297.0,,0.0,0.33915579319000244,True,,116.0,model error,detected only below the operating threshold,,,
submission_640,best.pt,0.4847066402435303,missed_bag,vlcsnap-2022-08-06-15h10m52s163,1,,774.0,269.0,844.0,331.0,,0.0,0.03299412503838539,True,,65.87867636800242,model error,detected only below the operating threshold,,,
submission_640,best.pt,0.4847066402435303,missed_bag,vlcsnap-2022-08-06-15h10m52s163,2,,801.0,177.0,871.0,252.0,,0.0,0.17939797043800354,True,,72.4568837309472,model error,detected only below the operating threshold,,,
submission_640,best.pt,0.4847066402435303,missed_bag,vlcsnap-2022-08-06-15h12m17s178,0,,516.0,422.0,632.0,519.0,,0.0,0.0604529082775116,True,,106.07544484940895,model error,detected only below the operating threshold,,,
submission_640,best.pt,0.4847066402435303,missed_bag,vlcsnap-2022-08-06-15h12m17s178,1,,561.0,351.0,725.0,469.0,,0.0,0.2825605869293213,True,,139.11146609823362,model error,detected only below the operating threshold,,,
submission_640,best.pt,0.4847066402435303,missed_bag,vlcsnap-2022-08-06-15h12m17s178,2,,622.0,446.0,745.0,579.0,,0.0,0.2283584028482437,True,,127.90230646864818,model error,detected only below the operating threshold,,,
submission_640,best.pt,0.4847066402435303,missed_bag,vlcsnap-2022-08-06-15h12m32s684,0,,535.0,450.0,681.0,591.0,,0.0,0.12540021538734436,True,,143.47822134386809,model error,detected only below the operating threshold,,,
submission_640,best.pt,0.4847066402435303,missed_bag,vlcsnap-2022-08-06-15h12m32s684,1,,619.0,394.0,790.0,507.0,,0.0,0.2719516158103943,True,,139.00719405843714,model error,detected only below the operating threshold,,,
submission_640,best.pt,0.4847066402435303,missed_bag,vlcsnap-2022-08-06-15h12m32s684,2,,331.0,346.0,427.0,446.0,,0.0,0.09976581484079361,True,,97.97958971132712,model error,detected only below the operating threshold,,,
submission_640,best.pt,0.4847066402435303,missed_bag,vlcsnap-2022-08-06-15h12m32s684,3,,169.0,305.0,334.0,515.0,,0.0,0.27643337845802307,True,,186.14510468986285,model error,detected only below the operating threshold,,,
submission_640,best.pt,0.4847066402435303,missed_bag,vlcsnap-2022-08-06-15h12m32s684,4,,191.0,226.0,365.0,314.0,,0.0,0.016686996445059776,True,,123.74166638606415,model error,detected only below the operating threshold,,,
submission_640,best.pt,0.4847066402435303,missed_bag,vlcsnap-2022-08-06-15h12m32s684,5,,404.0,231.0,479.0,314.0,,0.0,0.004372359253466129,True,,78.8986691902975,model error,detected only below the operating threshold,,,
submission_640,best.pt,0.4847066402435303,missed_bag,vlcsnap-2022-08-06-15h12m32s684,6,,655.0,190.0,755.0,267.0,,0.0,0.010390226729214191,True,,87.74964387392122,model error,detected only below the operating threshold,,,
submission_640,best.pt,0.4847066402435303,missed_bag,vlcsnap-2022-08-06-15h12m32s684,7,,581.0,270.0,732.0,354.0,,0.0,0.2067859172821045,True,,112.6232658024087,model error,detected only below the operating threshold,,,
submission_640,best.pt,0.4847066402435303,missed_bag,vlcsnap-2022-08-06-15h13m45s059,0,,192.0,374.0,505.0,562.0,,0.0,0.16319742798805237,True,,242.5778225642237,model error,detected only below the operating threshold,,,
submission_640,best.pt,0.4847066402435303,missed_bag,vlcsnap-2022-08-06-15h13m45s059,1,,525.0,407.0,721.0,597.0,,0.0,0.2516460418701172,True,,192.97668252926312,model error,detected only below the operating threshold,,,
submission_640,best.pt,0.4847066402435303,missed_bag,vlcsnap-2022-08-06-15h13m45s059,2,,739.0,276.0,850.0,379.0,,0.0,0.09299363940954208,True,,106.92520750505935,model error,detected only below the operating threshold,,,
submission_640,best.pt,0.4847066402435303,missed_bag,vlcsnap-2022-08-06-15h14m03s597,0,,659.0,246.0,790.0,352.0,,0.0,0.22699162364006042,True,,117.83887304281215,model error,detected only below the operating threshold,,,
submission_640,best.pt,0.4847066402435303,missed_bag,vlcsnap-2022-08-06-15h14m03s597,1,,391.0,472.0,535.0,620.0,,0.0,0.27051156759262085,True,,145.98630072715727,model error,detected only below the operating threshold,,,
submission_640,best.pt,0.4847066402435303,missed_bag,vlcsnap-2022-08-06-15h14m26s159,0,,244.0,269.0,384.0,335.0,,0.0,0.08582790195941925,True,,96.12491872558333,model error,detected only below the operating threshold,,,
submission_640,best.pt,0.4847066402435303,missed_bag,vlcsnap-2022-08-06-15h14m26s159,1,,196.0,346.0,355.0,459.0,,0.0,0.1815747618675232,True,,134.04103849194843,model error,detected only below the operating threshold,,,
submission_640,best.pt,0.4847066402435303,missed_bag,vlcsnap-2022-08-06-15h14m26s159,2,,455.0,501.0,545.0,620.0,,0.0,0.1186644434928894,True,,103.48912986396203,model error,detected only below the operating threshold,,,
submission_640,best.pt,0.4847066402435303,missed_bag,vlcsnap-2022-08-06-15h14m26s159,3,,521.0,469.0,655.0,600.0,,0.0,0.23004193603992462,True,,132.49150916190817,model error,detected only below the operating threshold,,,
submission_640,best.pt,0.4847066402435303,missed_bag,vlcsnap-2022-08-06-15h14m26s159,4,,475.0,386.0,601.0,481.0,,0.0,0.2570521831512451,True,,109.40749517286281,model error,detected only below the operating threshold,,,
submission_640,best.pt,0.4847066402435303,missed_bag,vlcsnap-2022-08-06-15h15m22s724,0,,466.0,412.0,829.0,619.0,,0.0,0.09236779808998108,True,,274.11858747629645,model error,detected only below the operating threshold,,,
submission_640,best.pt,0.4847066402435303,missed_bag,vlcsnap-2022-08-06-15h15m22s724,1,,365.0,362.0,509.0,507.0,,0.0,0.3306540250778198,True,,144.49913494550754,model error,detected only below the operating threshold,,,
submission_640,best.pt,0.4847066402435303,missed_bag,vlcsnap-2022-08-06-15h15m22s724,2,,296.0,241.0,424.0,360.0,,0.0,0.2971094846725464,True,,123.4179889643321,model error,detected only below the operating threshold,,,
submission_640,best.pt,0.4847066402435303,missed_bag,vlcsnap-2022-08-06-15h17m29s390,0,,337.0,434.0,603.0,616.0,,0.0,0.21271097660064697,True,,220.02727103702395,model error,detected only below the operating threshold,,,
submission_640,best.pt,0.4847066402435303,missed_bag,vlcsnap-2022-08-06-15h17m29s390,1,,146.0,168.0,297.0,257.0,,0.0,0.166727215051651,True,,115.92670097954138,model error,detected only below the operating threshold,,,
submission_640,best.pt,0.4847066402435303,missed_bag,vlcsnap-2022-08-06-15h18m34s359,0,,146.0,177.0,259.0,319.0,,0.0,0.2220270037651062,True,,126.67280686871986,model error,detected only below the operating threshold,,,
submission_640,best.pt,0.4847066402435303,missed_bag,vlcsnap-2022-08-06-15h18m34s359,2,,494.0,359.0,670.0,524.0,,0.0,0.32172125577926636,True,,170.41126723312635,model error,detected only below the operating threshold,,,
submission_640,best.pt,0.4847066402435303,missed_bag,vlcsnap-2022-08-06-15h18m34s359,3,,611.0,278.0,740.0,346.0,,0.0,0.0840950682759285,True,,93.65895579174476,model error,detected only below the operating threshold,,,
submission_640,best.pt,0.4847066402435303,missed_bag,vlcsnap-2022-08-06-15h41m10s093,0,,177.0,265.0,238.0,381.0,,0.0,0.08322857320308685,True,,84.11896337925236,model error,detected only below the operating threshold,,,
submission_640,best.pt,0.4847066402435303,missed_bag,vlcsnap-2022-08-06-15h41m10s093,1,,242.0,263.0,343.0,346.0,,0.0,0.035498086363077164,True,,91.55872432488343,model error,detected only below the operating threshold,,,
submission_640,best.pt,0.4847066402435303,missed_bag,vlcsnap-2022-08-06-15h41m10s093,2,,578.0,408.0,698.0,558.0,,0.0,0.22307047247886658,True,,134.16407864998737,model error,detected only below the operating threshold,,,
submission_640,best.pt,0.4847066402435303,missed_bag,vlcsnap-2022-08-06-15h41m10s093,3,,684.0,230.0,793.0,349.0,,0.0,0.3426903784275055,True,,113.89029809426262,model error,detected only below the operating threshold,,,
submission_640,best.pt,0.4847066402435303,missed_bag,vlcsnap-2022-08-06-15h41m10s093,4,,611.0,241.0,687.0,323.0,,0.0,0.05769103020429611,True,,78.9430174239622,model error,detected only below the operating threshold,,,
submission_640,best.pt,0.4847066402435303,missed_bag,vlcsnap-2022-08-06-15h42m49s738,0,,383.0,398.0,632.0,617.0,,0.0,0.2228860855102539,True,,233.51873586502646,model error,detected only below the operating threshold,,,
submission_640,best.pt,0.4847066402435303,missed_bag,vlcsnap-2022-08-06-15h43m36s598,0,,387.0,419.0,677.0,625.0,,0.0,0.08391185849905014,True,,244.41767530193064,model error,detected only below the operating threshold,,,
submission_640,best.pt,0.4847066402435303,missed_bag,vlcsnap-2022-08-06-15h43m54s567,0,,357.0,347.0,493.0,444.0,,0.0,0.1771225780248642,True,,114.85643212288984,model error,detected only below the operating threshold,,,
submission_640,best.pt,0.4847066402435303,missed_bag,vlcsnap-2022-08-06-15h43m54s567,1,,582.0,390.0,716.0,574.0,,0.0,0.1160213053226471,True,,157.02229141112417,model error,detected only below the operating threshold,,,
submission_640,best.pt,0.4847066402435303,missed_bag,vlcsnap-2022-08-06-15h43m54s567,2,,674.0,319.0,801.0,522.0,,0.0,0.34509938955307007,True,,160.56462873248267,model error,detected only below the operating threshold,,,
submission_640,best.pt,0.4847066402435303,missed_bag,vlcsnap-2022-08-06-15h46m20s819,0,,245.0,180.0,353.0,283.0,,0.0,0.07312877476215363,True,,105.47037498748168,model error,detected only below the operating threshold,,,
submission_640,best.pt,0.4847066402435303,missed_bag,vlcsnap-2022-08-06-15h46m20s819,1,,455.0,207.0,524.0,314.0,,0.0,0.2203252762556076,True,,85.92438536294571,model error,detected only below the operating threshold,,,
submission_640,best.pt,0.4847066402435303,missed_bag,vlcsnap-2022-08-06-15h46m20s819,2,,636.0,354.0,772.0,447.0,,0.058445945382118225,0.1959286332130432,True,,112.46332735607639,model error,detected only below the operating threshold,,,
submission_640,best.pt,0.4847066402435303,missed_bag,vlcsnap-2022-08-06-15h46m20s819,4,,587.0,398.0,670.0,498.0,,0.0,0.2525172829627991,True,,91.10433579144299,model error,detected only below the operating threshold,,,
submission_640,best.pt,0.4847066402435303,missed_bag,vlcsnap-2022-08-06-15h48m52s277,0,,543.0,495.0,695.0,608.0,,0.0,0.08843615651130676,True,,131.057239403247,model error,detected only below the operating threshold,,,
submission_640,best.pt,0.4847066402435303,missed_bag,vlcsnap-2022-08-06-15h50m52s642,0,,667.0,268.0,779.0,463.0,,0.0,0.1953563690185547,True,,147.78362561528934,model error,detected only below the operating threshold,,,
submission_640,best.pt,0.4847066402435303,missed_bag,vlcsnap-2022-08-06-15h50m52s642,1,,282.0,432.0,413.0,558.0,,0.0,0.1995064914226532,True,,128.47567863218313,model error,detected only below the operating threshold,,,
submission_640,best.pt,0.4847066402435303,missed_bag,vlcsnap-2022-08-06-15h50m52s642,2,,370.0,461.0,522.0,582.0,,0.0,0.13504502177238464,True,,135.6171080653175,model error,detected only below the operating threshold,,,
submission_640,best.pt,0.4847066402435303,missed_bag,vlcsnap-2022-08-06-15h50m52s642,3,,348.0,342.0,493.0,463.0,,0.0,0.34535908699035645,True,,132.45754036671525,model error,detected only below the operating threshold,,,
submission_640,best.pt,0.4847066402435303,missed_bag,vlcsnap-2022-08-06-15h52m02s378,0,,232.0,394.0,349.0,515.0,,0.0,0.16138039529323578,True,,118.98319209031165,model error,detected only below the operating threshold,,,
submission_640,best.pt,0.4847066402435303,missed_bag,vlcsnap-2022-08-06-15h52m02s378,1,,345.0,386.0,512.0,518.0,,0.0,0.004529191646724939,True,,148.4722196237397,model error,detected only below the operating threshold,,,
submission_640,best.pt,0.4847066402435303,missed_bag,vlcsnap-2022-08-06-15h52m02s378,2,,491.0,458.0,607.0,568.0,,0.0,0.11871194839477539,True,,112.96016997154351,model error,detected only below the operating threshold,,,
submission_640,best.pt,0.4847066402435303,missed_bag,vlcsnap-2022-08-06-15h52m02s378,3,,397.0,521.0,539.0,628.0,,0.0,0.2562945485115051,True,,123.26394444443193,model error,detected only below the operating threshold,,,
submission_640,best.pt,0.4847066402435303,missed_bag,vlcsnap-2022-08-06-15h52m02s378,4,,592.0,419.0,726.0,509.0,,0.0,0.11877202987670898,True,,109.81803130633875,model error,detected only below the operating threshold,,,
submission_640,best.pt,0.4847066402435303,missed_bag,vlcsnap-2022-08-06-15h52m02s378,5,,551.0,317.0,683.0,417.0,,0.0,0.24524912238121033,True,,114.89125293076057,model error,detected only below the operating threshold,,,
submission_640,best.pt,0.4847066402435303,missed_bag,vlcsnap-2022-08-06-15h52m02s378,6,,667.0,250.0,780.0,339.0,,0.0,0.07392213493585587,True,,100.2845950283492,model error,detected only below the operating threshold,,,
submission_640,best.pt,0.4847066402435303,missed_bag,vlcsnap-2022-08-06-15h52m33s187,0,,733.0,216.0,862.0,311.0,,0.0,0.1574847549200058,True,,110.70230349906907,model error,detected only below the operating threshold,,,
submission_640,best.pt,0.4847066402435303,missed_bag,vlcsnap-2022-08-06-15h52m33s187,1,,610.0,353.0,818.0,505.0,,0.0,0.31224948167800903,True,,177.80888616714296,model error,detected only below the operating threshold,,,
submission_640,best.pt,0.4847066402435303,missed_bag,vlcsnap-2022-08-06-15h52m33s187,2,,370.0,314.0,519.0,403.0,,0.0,0.3478902578353882,True,,115.15641536623133,model error,detected only below the operating threshold,,,
submission_640,best.pt,0.4847066402435303,missed_bag,vlcsnap-2022-08-06-15h53m05s928,0,,668.0,239.0,758.0,326.0,,0.0,0.03548514097929001,True,,88.48728722251576,model error,detected only below the operating threshold,,,
submission_640,best.pt,0.4847066402435303,missed_bag,vlcsnap-2022-08-06-15h53m05s928,1,,712.0,219.0,850.0,300.0,,0.0,0.0743587538599968,True,,105.72606112023658,model error,detected only below the operating threshold,,,
submission_640,best.pt,0.4847066402435303,missed_bag,vlcsnap-2022-08-06-15h53m05s928,2,,496.0,368.0,730.0,626.0,,0.0,0.24256400763988495,True,,245.70714275331923,model error,detected only below the operating threshold,,,
submission_640,best.pt,0.4847066402435303,missed_bag,vlcsnap-2022-08-06-15h53m25s260,0,,716.0,211.0,845.0,288.0,,0.0,0.2666764259338379,True,,99.66443698732262,model error,detected only below the operating threshold,,,
submission_640,best.pt,0.4847066402435303,missed_bag,vlcsnap-2022-08-06-15h53m25s260,1,,455.0,407.0,594.0,536.0,,0.0,0.13205468654632568,True,,133.90668392578468,model error,detected only below the operating threshold,,,
submission_640,best.pt,0.4847066402435303,missed_bag,vlcsnap-2022-08-06-15h53m25s260,2,,234.0,407.0,490.0,612.0,,0.0,0.3104153275489807,True,,229.08513701242165,model error,detected only below the operating threshold,,,
submission_640,best.pt,0.4847066402435303,missed_bag,vlcsnap-2022-08-06-15h53m26s415,0,,445.0,340.0,577.0,505.0,,0.0,0.3394452929496765,True,,147.58048651498612,model error,detected only below the operating threshold,,,
submission_640,best.pt,0.4847066402435303,missed_bag,vlcsnap-2022-08-06-15h53m26s415,1,,673.0,322.0,883.0,490.0,,0.0,0.38867563009262085,True,,187.82971010998233,model error,detected only below the operating threshold,,,
submission_640,best.pt,0.4847066402435303,missed_bag,vlcsnap-2022-08-06-15h53m26s415,2,,707.0,214.0,844.0,287.0,,0.0,0.1475343406200409,True,,100.00499987500625,model error,detected only below the operating threshold,,,
submission_640,best.pt,0.4847066402435303,missed_bag,vlcsnap-2022-08-06-15h58m58s244,0,,361.0,420.0,509.0,540.0,,0.0,0.14739890396595,True,,133.26664999166147,model error,detected only below the operating threshold,,,
submission_640,best.pt,0.4847066402435303,missed_bag,vlcsnap-2022-08-06-15h59m39s741,0,,525.0,519.0,745.0,652.0,,0.0,0.33435600996017456,True,,171.0555465338672,model error,detected only below the operating threshold,,,
submission_640,best.pt,0.4847066402435303,missed_bag,vlcsnap-2022-08-06-16h01m36s203,0,,777.0,267.0,901.0,354.0,,0.0,0.06048479676246643,True,,103.86529738079028,model error,detected only below the operating threshold,,,
submission_640,best.pt,0.4847066402435303,missed_bag,vlcsnap-2022-08-06-16h01m36s203,1,,582.0,545.0,775.0,688.0,,0.0,0.2147473692893982,True,,166.12946758477256,model error,detected only below the operating threshold,,,
submission_640,best.pt,0.4847066402435303,missed_bag,vlcsnap-2022-08-06-16h01m36s203,2,,622.0,407.0,755.0,548.0,,0.0,0.2904125452041626,True,,136.94159338929865,model error,detected only below the operating threshold,,,
submission_640,best.pt,0.4847066402435303,missed_bag,vlcsnap-2022-08-06-16h01m36s203,3,,489.0,329.0,623.0,459.0,,0.0,0.2644050717353821,True,,131.98484761517133,model error,detected only below the operating threshold,,,
submission_640,best.pt,0.4847066402435303,missed_bag,vlcsnap-2022-08-06-16h01m36s203,4,,365.0,344.0,496.0,469.0,,0.0,0.257584810256958,True,,127.96483892069728,model error,detected only below the operating threshold,,,
submission_640,best.pt,0.4847066402435303,missed_bag,vlcsnap-2022-08-06-16h03m43s055,0,,322.0,350.0,578.0,577.0,,0.0,0.12193892896175385,True,,241.06430677310982,model error,detected only below the operating threshold,,,
submission_640,best.pt,0.4847066402435303,missed_bag,vlcsnap-2022-08-06-16h03m43s055,1,,908.0,233.0,1028.0,376.0,,0.0,0.024869447574019432,True,,130.99618315050253,model error,detected only below the operating threshold,,,
submission_640,best.pt,0.4847066402435303,missed_bag,vlcsnap-2022-08-06-16h04m17s206,0,,785.0,463.0,1031.0,614.0,,0.0,0.1898731291294098,True,,192.73297590189387,model error,detected only below the operating threshold,,,
submission_640,best.pt,0.4847066402435303,missed_bag,vlcsnap-2022-08-06-16h04m17s206,1,,525.0,467.0,670.0,577.0,,0.0,0.16398261487483978,True,,126.29330940315089,model error,detected only below the operating threshold,,,
submission_640,best.pt,0.4847066402435303,missed_bag,vlcsnap-2022-08-06-16h04m17s206,2,,344.0,444.0,527.0,562.0,,0.0,0.20300844311714172,True,,146.9489707347418,model error,detected only below the operating threshold,,,
submission_640,best.pt,0.4847066402435303,missed_bag,vlcsnap-2022-08-06-16h04m17s206,3,,307.0,241.0,464.0,355.0,,0.0,0.028503164649009705,True,,133.78340704287658,model error,detected only below the operating threshold,,,
submission_640,best.pt,0.4847066402435303,missed_bag,vlcsnap-2022-08-06-16h04m43s598,0,,511.0,443.0,690.0,650.0,,0.0,0.06275762617588043,True,,192.49155825645965,model error,detected only below the operating threshold,,,
submission_640,best.pt,0.4847066402435303,missed_bag,vlcsnap-2022-08-06-16h04m51s912,0,,280.0,293.0,470.0,425.0,,0.0,0.2888221740722656,True,,158.36666315863323,model error,detected only below the operating threshold,,,
submission_640,best.pt,0.4847066402435303,missed_bag,vlcsnap-2022-08-06-16h05m56s966,0,,523.0,502.0,669.0,625.0,,0.0,0.15730297565460205,True,,134.00746247877393,model error,detected only below the operating threshold,,,
submission_640,best.pt,0.4847066402435303,missed_bag,vlcsnap-2022-08-06-16h05m56s966,1,,770.0,395.0,969.0,548.0,,0.0,0.40083539485931396,True,,174.4906874305904,model error,detected only below the operating threshold,,,
submission_640,best.pt,0.4847066402435303,missed_bag,vlcsnap-2022-08-06-16h05m56s966,2,,570.0,371.0,661.0,448.0,,0.0,0.018255967646837234,True,,83.70782520170978,model error,detected only below the operating threshold,,,
submission_640,best.pt,0.4847066402435303,missed_bag,vlcsnap-2022-08-06-16h05m56s966,3,,582.0,453.0,764.0,590.0,,0.0,0.037855178117752075,True,,157.90503475190397,model error,detected only below the operating threshold,,,
submission_640,best.pt,0.4847066402435303,missed_bag,vlcsnap-2022-08-06-16h06m30s420,0,,447.0,502.0,577.0,636.0,,0.0,0.15370187163352966,True,,131.98484761517133,model error,detected only below the operating threshold,,,
submission_640,best.pt,0.4847066402435303,missed_bag,vlcsnap-2022-08-06-16h06m30s420,1,,790.0,390.0,935.0,500.0,,0.0,0.020825538784265518,True,,126.29330940315089,model error,detected only below the operating threshold,,,
submission_640,best.pt,0.4847066402435303,missed_bag,vlcsnap-2022-08-06-16h07m13s509,0,,508.0,477.0,650.0,626.0,,0.0,0.19879299402236938,True,,145.45789768864392,model error,detected only below the operating threshold,,,
submission_640,best.pt,0.4847066402435303,missed_bag,vlcsnap-2022-08-06-16h07m13s509,1,,371.0,379.0,615.0,511.0,,0.0,0.04491734877228737,True,,179.46587419339644,model error,detected only below the operating threshold,,,
